loss_fn	Source	SS	DF	MS	F	p_unc	p_bonf	p_fdr	np2	eta_sq	pct_var
human	modulation	9327.990338580667	2	4663.995169290333	606.396792693714	1.2122980485335894e-30	1.2122980485335894e-29	6.061490242667947e-30	0.9680713563139534	0.23162165408940175	23.162165408940176
human	feature	1411.6700562457204	2	705.8350281228602	91.77027027017829	1.1325930476181514e-15	1.1325930476181514e-14	3.7753101587271715e-15	0.8210615403214584	0.035052925827307874	3.5052925827307875
human	source	72.37819170601736	1	72.37819170601736	9.410366374409843	0.003860870502177434	0.03860870502177434	0.005515529288824906	0.19045328065576886	0.0017972098892094692	0.17972098892094693
human	rating_stimulus	28240.07777725286	3	9413.359259084287	1223.8929621470734	2.2831346075472544e-39	2.2831346075472543e-38	2.2831346075472543e-38	0.9892232056641214	0.7012243033021767	70.12243033021767
human	modulation:feature	156.45363664563524	4	39.11340916140881	5.085392459873445	0.0020783985712041486	0.020783985712041486	0.003463997618673581	0.3371070705253702	0.003884872174264945	0.3884872174264945
human	modulation:source	21.17055853587737	2	10.585279267938684	1.3762620167597581	0.26421935652416517	1.0	0.293577062804628	0.06438272583301605	0.0005256823397206196	0.05256823397206196
human	modulation:rating_stimulus	357.0266412879095	6	59.50444021465159	7.736564980767327	1.4733534510406696e-05	0.00014733534510406697	2.946706902081339e-05	0.5371409118554054	0.008865264457560734	0.8865264457560733
human	feature:source	278.45187300452466	2	139.22593650226233	18.10168284706794	2.5218355307857095e-06	2.5218355307857095e-05	6.304588826964274e-06	0.4750888017131487	0.006914188487400767	0.6914188487400768
human	feature:rating_stimulus	78.70148899026361	6	13.116914831710602	1.705416664313611	0.14487860458594573	1.0	0.18109825573243216	0.20370278183959808	0.0019542225492910825	0.19542225492910825
human	source:rating_stimulus	20.957819961898103	3	6.985939987299368	0.9082881625054692	0.44560780595069027	1.0	0.44560780595069027	0.06377701884373616	0.0005203998663683588	0.052039986636835886
human	Residual (pooled)	307.653023596784	40	7.6913255899196						0.007639277017297548	0.7639277017297548
jtfs_log1p	modulation	0.5063089196198196	2	0.2531544598099098	291.8689589936991	1.3840663209029326e-24	1.3840663209029327e-23	1.3840663209029324e-23	0.935870501301144	0.31200961887990547	31.200961887990548
jtfs_log1p	feature	0.38464211707709234	2	0.19232105853854617	221.7324047554244	2.2589283953352116e-22	2.2589283953352117e-21	1.1294641976676056e-21	0.9172638851616305	0.23703323347433608	23.703323347433606
jtfs_log1p	source	0.11888322417076799	1	0.11888322417076799	137.06384199824532	1.6960243044812946e-14	1.6960243044812947e-13	4.240060761203236e-14	0.7740927817414218	0.07326102311724647	7.326102311724647
jtfs_log1p	rating_stimulus	0.3459694402104686	3	0.11532314673682287	132.95932772121955	7.683963644859628e-21	7.683963644859628e-20	2.5613212149532092e-20	0.908858494765084	0.21320144481202813	21.320144481202814
jtfs_log1p	modulation:feature	0.06306306839570393	4	0.015765767098925982	18.176800181027303	1.3971487689422661e-08	1.397148768942266e-07	2.3285812815704435e-08	0.6450980971667093	0.03886221074342448	3.886221074342448
jtfs_log1p	modulation:source	0.013987151545735294	2	0.006993575772867647	8.063091924207653	0.001142587678042624	0.01142587678042624	0.0014282345975532799	0.28732015509853015	0.008619492278108218	0.8619492278108218
jtfs_log1p	modulation:rating_stimulus	0.02039278351556363	6	0.0033987972525939387	3.918569780244516	0.003585124794623801	0.03585124794623801	0.003983471994026446	0.37019199333879516	0.012566921825847201	1.2566921825847202
jtfs_log1p	feature:source	0.06659386049799618	2	0.03329693024899809	38.38897555570718	4.942911130782321e-10	4.942911130782321e-09	9.885822261564643e-10	0.6574695854884696	0.04103803869251057	4.103803869251057
jtfs_log1p	feature:rating_stimulus	0.05845045470519959	6	0.009741742450866599	11.231531255875032	2.5431290956442e-07	2.5431290956442e-06	3.633041565206e-07	0.6275230224004618	0.0360197171908812	3.60197171908812
jtfs_log1p	source:rating_stimulus	0.009749687651808723	3	0.003249895883936241	3.7468971678185192	0.018344888188090488	0.18344888188090488	0.018344888188090488	0.21937040999334506	0.006008182377515991	0.600818237751599
jtfs_log1p	Residual (pooled)	0.03469426288876097	40	0.0008673565722190242						0.021380116608196158	2.1380116608196156
scat1d_log1p	modulation	5.254931834796291	2	2.6274659173981454	642.8426095724078	3.9119342300956433e-31	3.911934230095643e-30	3.911934230095643e-30	0.9698269246557614	0.4644248364405657	46.44248364405657
scat1d_log1p	feature	0.797806951653082	2	0.398903475826541	97.59675650589222	4.0991427723907174e-16	4.099142772390717e-15	1.0247856930976793e-15	0.8299272820590261	0.07050926152441563	7.050926152441563
scat1d_log1p	source	1.0787237449502276	1	1.0787237449502276	263.92334249504364	3.259896461977613e-19	3.259896461977613e-18	1.0866321539925378e-18	0.868387864941133	0.09533636487836286	9.533636487836286
scat1d_log1p	rating_stimulus	2.9108208028838902	3	0.9702736009612968	237.38964966625727	1.6390233619676149e-25	1.6390233619676149e-24	8.195116809838074e-25	0.9468204582850105	0.25725499735993285	25.725499735993285
scat1d_log1p	modulation:feature	0.2849833746259054	4	0.07124584365647635	17.431192448224202	2.3556620624839184e-08	2.3556620624839184e-07	3.9261034374731976e-08	0.6354515021949998	0.02518650313835085	2.518650313835085
scat1d_log1p	modulation:source	0.10553914784195362	2	0.05276957392097681	12.910740489824004	4.718965835765294e-05	0.0004718965835765294	5.898707294706617e-05	0.39229565478224354	0.009327428597649179	0.9327428597649179
scat1d_log1p	modulation:rating_stimulus	0.20586548823599812	6	0.03431091470599969	8.394597166939718	6.4506135984230685e-06	6.450613598423068e-05	9.215162283461526e-06	0.5573633965702632	0.018194155263760326	1.8194155263760325
scat1d_log1p	feature:source	0.28747489426097167	2	0.14373744713048583	35.16717571664541	1.5381011498542574e-09	1.5381011498542573e-08	3.076202299708515e-09	0.6374655809330209	0.02540670078037202	2.540670078037202
scat1d_log1p	feature:rating_stimulus	0.15188375580429117	6	0.025313959300715196	6.193378779046447	0.00011659052896554145	0.0011659052896554145	0.00012954503218393494	0.48159851418806654	0.013423311788804812	1.3423311788804813
scat1d_log1p	source:rating_stimulus	0.07340377054382843	3	0.02446792351460948	5.986385474611727	0.0018062806310090776	0.018062806310090777	0.0018062806310090776	0.3098588304582301	0.006487340882940277	0.6487340882940277
scat1d_log1p	Residual (pooled)	0.16349046427683608	40	0.0040872616069209024						0.014449099344845291	1.444909934484529
vggish	modulation	7.539269064917074	2	3.769634532458537	31.17186475082211	6.917912204935833e-09	6.917912204935832e-08	4.573998054339484e-08	0.6091602270624956	0.22489548520673683	22.489548520673683
vggish	feature	2.7866269597294213	2	1.3933134798647107	11.521588890346305	0.00011179899545753834	0.0011179899545753834	0.00027949748864384584	0.36551421726951294	0.08312474548955699	8.312474548955699
vggish	source	1.590233670850666	1	1.590233670850666	13.149961483833993	0.000804137349481367	0.00804137349481367	0.0013402289158022784	0.24741243674905888	0.04743647824724299	4.743647824724299
vggish	rating_stimulus	4.756374556362727	3	1.5854581854542422	13.110472036351728	4.179174063316787e-06	4.179174063316787e-05	1.3930580211055957e-05	0.49578613414623957	0.14188207828472543	14.188207828472542
vggish	modulation:feature	3.34886739598974	4	0.837216848997435	6.923114206256161	0.0002473570050923469	0.002473570050923469	0.0004947140101846938	0.4090922109180599	0.0998963097654637	9.98963097654637
vggish	modulation:source	0.4828950576180139	2	0.24144752880900694	1.996578089374072	0.149106788815174	1.0	0.21300969830739144	0.09076766764638554	0.014404701218623094	1.4404701218623095
vggish	modulation:rating_stimulus	0.6542441613389113	6	0.10904069355648521	0.9016793863201865	0.5033271957902733	1.0	0.6291589947378415	0.11913823443159528	0.019516024277826654	1.9516024277826653
vggish	feature:source	7.367558804662688	2	3.683779402331344	30.46191144329454	9.147996108678968e-09	9.147996108678968e-08	4.573998054339484e-08	0.6036614660846813	0.21977338889177928	21.97733888917793
vggish	feature:rating_stimulus	0.12085094913281842	6	0.020141824855469736	0.16655679345656982	0.9842295291909402	1.0	0.9842295291909402	0.024374556814737325	0.003604969209733174	0.36049692097331737
vggish	source:rating_stimulus	0.039287011972300605	3	0.013095670657433535	0.10829072978822461	0.9547644911547705	1.0	0.9842295291909402	0.008056372450210913	0.0011719268199284788	0.11719268199284788
vggish	Residual (pooled)	4.837226855168001	40	0.12093067137920002						0.1442938925883833	14.429389258838329
panns_wavegram_logmel	modulation	298.1342494447039	2	149.06712472235196	126.88215933347668	4.799753597781898e-18	4.799753597781898e-17	4.7997535977818974e-17	0.8638364244455813	0.387610950648659	38.761095064865906
panns_wavegram_logmel	feature	150.95029054114596	2	75.47514527057298	64.24253118033202	3.2357262081926707e-13	3.235726208192671e-12	1.6178631040963352e-12	0.7625902294271356	0.19625382097603292	19.625382097603293
panns_wavegram_logmel	source	0.009348380170903347	1	0.009348380170903347	0.007957104321719137	0.9293660437093393	1.0	0.9293660437093393	0.00019888804372017284	1.2154036417546822e-05	0.0012154036417546823
panns_wavegram_logmel	rating_stimulus	65.97799375908814	3	21.99266458636271	18.719598821081732	9.61180266666009e-08	9.61180266666009e-07	1.922360533332018e-07	0.5840214159160237	0.08577945315066765	8.577945315066765
panns_wavegram_logmel	modulation:feature	102.29022855653413	4	25.572557139133533	21.766712650662996	1.3427433150344368e-09	1.3427433150344369e-08	3.3568582875860917e-09	0.6852050726819134	0.13298979505613834	13.298979505613834
panns_wavegram_logmel	modulation:source	0.4101961424271706	2	0.2050980712135853	0.17457428121177676	0.8404508696772786	1.0	0.9293660437093393	0.00865318290132916	0.000533305103371218	0.0533305103371218
panns_wavegram_logmel	modulation:rating_stimulus	13.521229559618444	6	2.2535382599364073	1.9181546641750078	0.10148039605854696	1.0	0.1691339934309116	0.22343559525040782	0.01757925046620488	1.757925046620488
panns_wavegram_logmel	feature:source	85.76173729765858	2	42.88086864882929	36.499108830283994	9.544824770576312e-10	9.544824770576311e-09	3.1816082568587707e-09	0.6460121156941181	0.11150073695035684	11.150073695035683
panns_wavegram_logmel	feature:rating_stimulus	4.484914372624717	6	0.7474857287707861	0.6362409116969677	0.7004624101879191	1.0	0.9293660437093393	0.08712158888357868	0.005830936656183571	0.5830936656183571
panns_wavegram_logmel	source:rating_stimulus	0.6244113120781032	3	0.2081371040260344	0.1771610289353076	0.9112473719401895	1.0	0.9293660437093393	0.013112845776396837	0.0008118109969624944	0.08118109969624944
panns_wavegram_logmel	Residual (pooled)	46.993880150027366	40	1.1748470037506842						0.06109778595900543	6.1097785959005435
clap2	modulation	1048.0598317976655	2	524.0299158988328	213.27628641607103	4.604559107721143e-22	4.604559107721143e-21	4.604559107721143e-21	0.9142647531505708	0.3671628217646516	36.71628217646516
clap2	feature	254.54273821109845	2	127.27136910554923	51.79850261671114	7.912107401088035e-12	7.912107401088035e-11	2.6373691336960116e-11	0.7214426586753775	0.08917299106958874	8.917299106958874
clap2	source	197.8384954224877	1	197.8384954224877	80.51879927785824	3.989131479723428e-11	3.989131479723428e-10	9.97282869930857e-11	0.6681015722055171	0.06930800897922122	6.930800897922122
clap2	rating_stimulus	631.651225301537	3	210.55040843384566	85.6924535255481	1.840712738113167e-17	1.840712738113167e-16	9.203563690565835e-17	0.8653549367667812	0.2212839756056841	22.12839756056841
clap2	modulation:feature	100.54870913517817	4	25.137177283794543	10.230644586148255	8.427063729402847e-06	8.427063729402848e-05	1.2038662470575496e-05	0.5057003766035754	0.035224847523774215	3.5224847523774216
clap2	modulation:source	66.9151001417612	2	33.4575500708806	13.616974556610543	3.086223716394846e-05	0.0003086223716394846	3.8577796454935566e-05	0.4050624643118832	0.023442112979916614	2.3442112979916616
clap2	modulation:rating_stimulus	275.39001326224786	6	45.89833554370798	18.680281908429496	3.257886657784902e-10	3.257886657784902e-09	6.515773315569804e-10	0.736983461858727	0.09647633778859702	9.647633778859701
clap2	feature:source	140.74472229943075	2	70.37236114971537	28.641028683636108	1.9078529272058185e-08	1.9078529272058186e-07	3.179754878676364e-08	0.5888244853931629	0.049306564205694785	4.930656420569479
clap2	feature:rating_stimulus	29.068349065459152	6	4.844724844243192	1.9717670540155658	0.09270893035888264	0.9270893035888264	0.10300992262098072	0.22825515802647645	0.010183404365958286	1.0183404365958286
clap2	source:rating_stimulus	11.441376943785176	3	3.8137923145950587	1.5521851660392922	0.2159897420729796	1.0	0.2159897420729796	0.10427484713446238	0.00400821414589257	0.400821414589257
clap2	Residual (pooled)	98.2818905382714	40	2.457047263456785						0.034430721571020825	3.4430721571020824
encodec48k	modulation	0.5619615611581047	2	0.28098078057905235	2.6001140368539177	0.086773537457367	0.86773537457367	0.10846692182170875	0.11504871314427538	0.027725724833887723	2.7725724833887724
encodec48k	feature	0.9980782932861871	2	0.49903914664309357	4.617962436620278	0.01568764740726266	0.15687647407262661	0.03137529481452532	0.18758507933015856	0.049242592438708856	4.924259243870885
encodec48k	source	4.624936169332631	1	4.624936169332631	42.797807838148195	8.186856891410232e-08	8.186856891410232e-07	8.186856891410232e-07	0.5168954221808463	0.22818234638851853	22.81823463885185
encodec48k	rating_stimulus	1.9157465343710918	3	0.6385821781236972	5.9092528734613365	0.001949157297109514	0.01949157297109514	0.004872893242773785	0.30709244640799604	0.09451796160930513	9.451796160930513
encodec48k	modulation:feature	1.1632602081567482	4	0.29081505203918706	2.6911175112304657	0.044607965608619175	0.44607965608619177	0.07434660934769863	0.21204732434705417	0.05739223938217186	5.739223938217187
encodec48k	modulation:source	1.605814456861649	2	0.8029072284308245	7.429868870860773	0.0018035379459606657	0.018035379459606656	0.004872893242773785	0.2708678231689854	0.0792267173460621	7.92267173460621
encodec48k	modulation:rating_stimulus	1.2040556948623595	6	0.20067594914372658	1.8569965929779546	0.11247213991988188	1.0	0.1249690443554243	0.21786367391704994	0.05940498280991331	5.940498280991331
encodec48k	feature:source	2.4014332510143666	2	1.2007166255071833	11.111080785779011	0.00014531081605115238	0.0014531081605115238	0.0007265540802557619	0.35714223052186367	0.1184804835892333	11.84804835892333
encodec48k	feature:rating_stimulus	1.4244225416571277	6	0.23740375694285462	2.196864993957495	0.06331825917778922	0.6331825917778922	0.09045465596827032	0.24785436303194677	0.07027731105982411	7.0277311059824115
encodec48k	source:rating_stimulus	0.046297287942898106	3	0.015432429314299369	0.14280719129676	0.9336799922215121	1.0	0.9336799922215121	0.01059703934043682	0.0022841880206445645	0.22841880206445644
encodec48k	Residual (pooled)	4.322591649388317	40	0.10806479123470794						0.21326545252173057	21.326545252173055
mss_rev	modulation	625386.0039156941	2	312693.00195784704	598.4288581779298	1.5660476417612499e-30	1.56604764176125e-29	1.5660476417612497e-29	0.9676599826551986	0.4565855399645915	45.65855399645915
mss_rev	feature	230887.68286694252	2	115443.84143347126	220.93531284726117	2.4131858311071337e-22	2.413185831107134e-21	1.2065929155535667e-21	0.9169901673455446	0.16856785520129355	16.856785520129357
mss_rev	source	395.88421593777457	1	395.88421593777457	0.7576394029638187	0.3892621520045212	1.0	0.3892621520045212	0.01858889312683611	0.0002890295071614277	0.02890295071614277
mss_rev	rating_stimulus	188310.47234450013	3	62770.15744816671	120.12892330228442	4.795933962301836e-20	4.795933962301836e-19	1.5986446541006122e-19	0.9000965990726775	0.13748283165606548	13.748283165606548
mss_rev	modulation:feature	15045.488016335774	4	3761.3720040839435	7.198477546644369	0.00018280531336494415	0.0018280531336494414	0.00030467552227490694	0.4185531845549247	0.010984499536218464	1.0984499536218464
mss_rev	modulation:source	6241.589178860333	2	3120.7945894301665	5.972546654601231	0.0053741429207236815	0.05374142920723682	0.007677347029605259	0.2299561430778352	0.004556896616847329	0.4556896616847329
mss_rev	modulation:rating_stimulus	117866.94385871352	6	19644.49064311892	37.59543715862704	6.119039776674364e-15	6.119039776674363e-14	1.2238079553348728e-14	0.8493820652316806	0.08605300065679386	8.605300065679385
mss_rev	feature:source	155418.549879985	2	77709.2749399925	148.71926260263248	3.0012801836547406e-19	3.0012801836547406e-18	7.503200459136851e-19	0.8814598896920028	0.11346890092384103	11.346890092384102
mss_rev	feature:rating_stimulus	5878.2925993171975	6	979.7154332195329	1.874969968531296	0.10912753001031088	1.0	0.12125281112256764	0.2195094510114151	0.004291658885431208	0.42916588854312077
mss_rev	source:rating_stimulus	3369.892303069112	3	1123.2974343563708	2.149755820652166	0.10909368669235328	1.0	0.12125281112256764	0.1388454073519817	0.0024603110513914703	0.24603110513914703
mss_rev	Residual (pooled)	20900.930674360934	40	522.5232668590234						0.015259476000364801	1.5259476000364802
mss_log_lin	modulation	1.481273523391259	2	0.7406367616956295	165.14826457539027	4.6795813281107e-20	4.6795813281107e-19	2.33979066405535e-19	0.891978463606629	0.2764638846188005	27.64638846188005
mss_log_lin	feature	0.20029713607299032	2	0.10014856803649516	22.331273663856503	3.071660399370676e-07	3.071660399370676e-06	6.143320798741352e-07	0.5275360680423726	0.03738332147460711	3.738332147460711
mss_log_lin	source	1.9387375484183813	1	1.9387375484183813	432.30252418934407	4.7125385261108165e-23	4.712538526110817e-22	4.712538526110816e-22	0.9153085195370158	0.3618446596311035	36.18446596311035
mss_log_lin	rating_stimulus	0.536240123358876	3	0.178746707786292	39.85720141934013	4.303517504238003e-12	4.303517504238003e-11	1.0758793760595006e-11	0.7493288346257287	0.10008349251585259	10.00834925158526
mss_log_lin	modulation:feature	0.017374983235796802	4	0.004343745808949201	0.9685747713389777	0.43537388849513237	1.0	0.4837487649945915	0.08830452374449557	0.0032428550734894383	0.32428550734894385
mss_log_lin	modulation:source	0.0683595202618472	2	0.0341797601309236	7.621452729813177	0.0015691685257128978	0.015691685257128978	0.002241669322446997	0.2759251225619633	0.012758574445454375	1.2758574445454374
mss_log_lin	modulation:rating_stimulus	0.12960097284360453	6	0.021600162140600756	4.816435635601413	0.0008767682410093751	0.008767682410093751	0.001461280401682292	0.4194367958082283	0.024188637572275407	2.4188637572275407
mss_log_lin	feature:source	0.7646086133626981	2	0.38230430668134907	85.24677149912952	3.770719816533405e-15	3.770719816533405e-14	1.2569066055111351e-14	0.8099704179508688	0.1427060324276187	14.27060324276187
mss_log_lin	feature:rating_stimulus	0.01466397539165537	6	0.0024439958986092283	0.5449657675114931	0.7707993522688213	1.0	0.7707993522688213	0.0755676017164618	0.0027368744102372737	0.2736874410237274
mss_log_lin	source:rating_stimulus	0.027384255147269138	3	0.009128085049089713	2.035393708114702	0.12431058920727493	1.0	0.15538823650909367	0.13243736469685705	0.0051109787867359945	0.5110978786735995
mss_log_lin	Residual (pooled)	0.17938711341590355	40	0.004484677835397589						0.033480689043825174	3.3480689043825174
mfcc	modulation	24.11653608452516	2	12.05826804226258	123.98529244581803	7.148867650721663e-18	7.148867650721662e-17	3.574433825360831e-17	0.8610969241353172	0.1310054125969415	13.10054125969415
mfcc	feature	104.22335311891132	2	52.11167655945566	535.8216814737227	1.3240068711419031e-29	1.3240068711419031e-28	1.3240068711419031e-28	0.9640172367026573	0.5661602200964901	56.616022009649015
mfcc	source	3.608809199072668	1	3.608809199072668	37.10642874747598	3.5145298803907794e-07	3.5145298803907794e-06	5.8575498006513e-07	0.4812365110177747	0.019603708279296264	1.9603708279296264
mfcc	rating_stimulus	9.733020340069189	3	3.244340113356396	33.358891703050425	5.7006435482227546e-11	5.700643548222754e-10	1.4251608870556886e-10	0.7144421084464563	0.05287153764521625	5.2871537645216256
mfcc	modulation:feature	8.748647880177707	4	2.1871619700444267	22.488794869370565	8.647286028761256e-10	8.647286028761257e-09	1.7294572057522513e-09	0.6922015716431609	0.047524247312758505	4.75242473127585
mfcc	modulation:source	0.5215676532736386	2	0.2607838266368193	2.681426461692637	0.08075931485569418	0.8075931485569419	0.08973257206188243	0.11822124442752227	0.0028332504044051195	0.28332504044051193
mfcc	modulation:rating_stimulus	4.774939338828199	6	0.7958232231380332	8.182798284970643	8.386170562704425e-06	8.386170562704425e-05	1.1980243661006321e-05	0.5510500419793511	0.02593833940397216	2.5938339403972157
mfcc	feature:source	20.560087539902064	2	10.280043769951032	105.70126893066072	1.0809526652864288e-16	1.0809526652864287e-15	3.603175550954763e-16	0.8408926165174005	0.11168613692090015	11.168613692090016
mfcc	feature:rating_stimulus	3.762697705610953	6	0.6271162842684922	6.448123033096416	8.175539630210561e-05	0.0008175539630210561	0.00010219424537763201	0.4916680465881127	0.02043965865054014	2.043965865054014
mfcc	source:rating_stimulus	0.14820507394790694	3	0.04940169131596898	0.5079571231673459	0.6790418169739889	1.0	0.6790418169739889	0.036698682450434346	0.000805076931175212	0.08050769311752119
mfcc	Residual (pooled)	3.890225301531496	40	0.0972556325382874						0.021132411758304527	2.113241175830453
