wavetable_name,loud_range,loud_entropy,loud_spectral_entropy,loud_max,loud_min,loud_total_variation,loud_turning_points,cent_range,cent_entropy,cent_spectral_entropy,cent_max,cent_min,cent_total_variation,cent_turning_points,flat_range,flat_entropy,flat_spectral_entropy,flat_max,flat_min,flat_total_variation,flat_turning_points
complex__menace__118_1024.pt,11.571958541870117,4.204808247746238,1.8386626,-7.633823394775391,-19.205781936645508,36.74580383300781,14,3.8259878158569336,3.9616248604066375,1.2257144,11.970251083374023,8.14426326751709,14.286554336547852,12,48.98588562011719,4.289198705092553,1.561648,-96.59602355957031,-145.5819091796875,206.54110717773438,31
harmonics__squarrely__174_1024.pt,2.7362475395202637,4.509593538462311,1.9530544,-7.164555072784424,-9.900802612304688,2.7419066429138184,2,0.6734075546264648,4.306273457819928,0.51278806,10.561149597167969,9.887742042541504,1.0889625549316406,53,17.900482177734375,4.672028825010942,0.9295681,-134.26123046875,-152.16171264648438,64.88633728027344,103
instrument__beauty_vox__130_1024.pt,19.651878356933594,4.432338717038407,3.3483028,-6.565947532653809,-26.217824935913086,74.8681869506836,29,2.347163200378418,4.453665578972099,1.2502834,11.92601203918457,9.578848838806152,15.618099212646484,87,36.728302001953125,4.686706136942385,1.4939446,-86.80327606201172,-123.53157806396484,218.27975463867188,56
formant__ahohooh__3_1024.pt,4.504929542541504,1.5849625008930293,0.59551346,-5.892098426818848,-10.397027969360352,4.504929542541504,0,1.7851543426513672,1.584962500792153,0.3438833,8.990583419799805,7.2054290771484375,1.7851543426513672,0,31.252716064453125,1.5849625018079996,0.3381013,-127.54000854492188,-158.792724609375,31.252716064453125,0
retro__sweep_pulse__184_1024.pt,1.9672574996948242,4.856761017375364,1.3693523,-8.362129211425781,-10.329386711120605,6.796504020690918,60,0.8824653625488281,4.4636879294611145,0.5957591,12.463913917541504,11.581448554992676,7.912693977355957,115,56.967472076416016,4.691823859801215,2.8651097,-59.43748092651367,-116.40495300292969,122.29769897460938,105
collection__graphite__7_1024.pt,2.8128466606140137,2.807354922133453,0.60473377,-5.632166385650635,-8.445013046264648,8.169563293457031,3,0.6627101898193359,2.521646274793573,0.20966934,13.306198120117188,12.643487930297852,2.3178415298461914,3,31.924713134765625,2.8073549230164065,1.3104926,-15.015019416809082,-46.93973159790039,94.17164611816406,3
vintage__logue_saw_dist__205_1024.pt,1.8019347190856934,4.042095082823538,1.4581358,-5.2943902015686035,-7.096324920654297,3.279730796813965,69,1.464198112487793,4.4518023770023145,1.0150617,11.961727142333984,10.497529029846191,6.734378814697266,162,25.611106872558594,4.026754605571281,1.4506259,-68.83804321289062,-94.44915008544922,423.4889831542969,174
noise__radio_1__256_1024.pt,8.916013717651367,4.083803003657466,4.3128653,-7.040745258331299,-15.956758499145508,317.5537414550781,160,0.9082736968994141,4.302305861785056,0.81845295,12.55873966217041,11.650465965270996,22.934326171875,150,47.861812591552734,4.16740268652069,3.8132334,-35.59139633178711,-83.45320892333984,1076.938720703125,149
instrument__sitar__130_1024.pt,18.43450927734375,4.239102255408799,2.670839,-8.330995559692383,-26.765504837036133,36.90802764892578,23,1.5095500946044922,4.597012634033261,0.7248319,10.197751998901367,8.688201904296875,6.628654479980469,67,27.782325744628906,4.1447033346652,1.0519422,-100.60774993896484,-128.39007568359375,131.97506713867188,63
retro__wind_synth__131_1024.pt,3.2687273025512695,4.636327051084905,1.113758,-9.456775665283203,-12.725502967834473,10.385627746582031,51,0.7792654037475586,4.295501843825539,0.43139732,11.74582290649414,10.966557502746582,2.5781965255737305,59,15.217277526855469,4.233940037286862,0.75842696,-87.5941390991211,-102.81141662597656,93.44869232177734,71
filter__sweep_4__78_1024.pt,12.991744995117188,4.872827805920908,2.8307667,-7.129696369171143,-20.121440887451172,14.28230094909668,5,4.2137956619262695,4.723986653696514,1.822589,11.898646354675293,7.684850692749023,6.6310930252075195,23,30.02617645263672,4.69962575375033,1.133213,-122.5593490600586,-152.5855255126953,57.944923400878906,46
collection__slate__7_1024.pt,3.2126588821411133,2.2359273200388388,0.74570787,-6.614293098449707,-9.82695198059082,5.699295997619629,2,1.9739389419555664,2.8073549221231717,0.36466238,13.098076820373535,11.124137878417969,3.0106000900268555,1,42.299049377441406,2.807354923316528,1.004891,-34.465423583984375,-76.76447296142578,81.96401977539062,1
harmonics__sines_3__19_1024.pt,2.487879753112793,3.8268754255815365,0.80318797,-9.697404861450195,-12.185284614562988,13.50583267211914,10,1.2838659286499023,3.9321353400486094,0.5915585,9.06459903717041,7.780733108520508,6.832284927368164,9,1.115447998046875,3.6819320630273458,0.043537255,-158.50424194335938,-159.61968994140625,4.49017333984375,13
basics__harmonic_series__7_1024.pt,2.4594011306762695,2.807354922111487,0.47233668,-9.421534538269043,-11.880935668945312,4.264016151428223,1,3.3291568756103516,2.807354922166227,0.80123997,9.22140121459961,5.892244338989258,3.3291568756103516,0,1.05267333984375,2.8073549220933183,0.026518285,-158.8263397216797,-159.87901306152344,1.2917633056640625,1
instrument__digi_piano__32_1024.pt,10.983479499816895,4.562500206294912,1.9061693,-10.254876136779785,-21.23835563659668,11.034090995788574,2,0.9624338150024414,4.6875003096500425,0.5286168,9.718633651733398,8.756199836730957,0.9751691818237305,1,4.553131103515625,4.288905891564381,0.18122728,-154.240478515625,-158.79360961914062,6.4464569091796875,12
formant__stepped_vowels__66_1024.pt,4.746088981628418,2.5849625008810886,1.8805454,-8.94481372833252,-13.690902709960938,10.190165519714355,0,1.5033655166625977,2.2516291674429896,0.88993603,9.643645286560059,8.140279769897461,1.7822465896606445,0,7.54901123046875,2.5849625003008105,0.3745326,-145.02005004882812,-152.56906127929688,8.568206787109375,0
harmonics__spectral_2__24_1024.pt,3.7853822708129883,3.8035076157794725,1.4938293,-6.935029983520508,-10.720412254333496,28.22812271118164,15,5.026495933532715,3.851227244531586,1.6550728,10.941588401794434,5.915092468261719,31.506832122802734,13,1.11920166015625,4.053489529284624,0.04608784,-158.7447509765625,-159.86395263671875,7.0801239013671875,14
instrument__marimba__255_1024.pt,17.20598793029785,4.890096659386534,3.6457229,-9.125726699829102,-26.331714630126953,19.602689743041992,46,2.5495004653930664,3.706466844726459,2.3169372,8.261651039123535,5.712150573730469,8.152830123901367,167,5.2118072509765625,4.337337912619821,0.25059664,-154.2575225830078,-159.46932983398438,37.5057373046875,164
retro__harmonics_4__184_1024.pt,7.431449890136719,4.476753789100932,3.078747,-5.050847053527832,-12.48229694366455,19.878755569458008,77,0.6220998764038086,4.780105761976461,0.4033146,12.704687118530273,12.082587242126465,3.9391918182373047,99,20.360885620117188,4.554544577403046,1.6180983,-74.78236389160156,-95.14324951171875,257.6284484863281,111
formant__gremlin__32_1024.pt,1.770155906677246,4.04595859337673,0.85304046,-5.630176544189453,-7.400332450866699,5.1546406745910645,11,0.8088531494140625,3.352221034975287,0.3033994,12.462940216064453,11.65408706665039,2.007575035095215,10,43.25399398803711,3.9025182002378074,1.2280725,-57.41193771362305,-100.66593170166016,93.60514068603516,10
vintage__mg_memo__7_1024.pt,0.9373512268066406,2.8073549220661205,0.44406605,-4.871277809143066,-5.808629035949707,1.973742961883545,2,3.2248125076293945,2.1280852790071862,0.6679344,12.869133949279785,9.64432144165039,3.2248125076293945,0,91.53099822998047,1.664496040348175,1.1978234,-42.45226287841797,-133.98326110839844,92.11504364013672,1
retro__harmonics_2__185_1024.pt,1.851633071899414,4.674320872282005,0.94340974,-9.617338180541992,-11.468971252441406,27.080856323242188,57,1.1490497589111328,4.509098738454393,0.61626136,12.680599212646484,11.531549453735352,8.18696117401123,94,45.31816864013672,4.728163258418229,2.8161068,-92.69867706298828,-138.016845703125,2776.248779296875,125
collection__violet__40_1024.pt,4.084924697875977,4.071928795332299,1.137532,-9.193429946899414,-13.27835464477539,12.163065910339355,8,6.274562835693359,3.8275678225312735,1.6227837,13.37076187133789,7.096199035644531,8.124496459960938,5,82.74248504638672,4.1725746528162,2.0663831,-76.25542449951172,-158.99790954589844,131.28802490234375,7
vintage__bs_sync__228_1024.pt,4.236374855041504,4.400748237751147,3.0205662,-4.654043197631836,-8.89041805267334,78.55133056640625,167,5.087568283081055,4.778665605693687,2.5097823,12.788667678833008,7.701099395751953,17.420883178710938,109,84.34525299072266,4.7722357057256435,3.3210974,-65.61417388916016,-149.9594268798828,574.739013671875,158
basics__beating_5__112_1024.pt,3.260639190673828,3.7524427846185024,1.4311054,-10.328170776367188,-13.588809967041016,11.272371292114258,67,0.49190711975097656,2.7058946696500956,0.24919361,12.73392391204834,12.242016792297363,2.7878828048706055,59,9.258522033691406,4.020898542352475,0.72226304,-69.9102554321289,-79.16877746582031,89.58492279052734,69
basics__primes__256_1024.pt,4.902578830718994,4.5534055516539365,3.1250901,-4.728551387786865,-9.63113021850586,32.972412109375,32,0.3082609176635742,4.30017304458649,0.251598,12.913622856140137,12.605361938476562,1.3402862548828125,104,57.925140380859375,4.489058636935389,2.9479687,-89.8392333984375,-147.76437377929688,1778.0421142578125,168
instrument__strings_3__145_1024.pt,6.512945652008057,4.498267526410078,2.1191194,-6.448828220367432,-12.961773872375488,27.15452766418457,21,0.7537002563476562,4.574932228752996,0.60411847,8.990405082702637,8.23670482635498,5.796064376831055,66,2.4840850830078125,4.300673429721309,0.11480644,-156.8505859375,-159.3346710205078,15.8138427734375,87
vintage__miniwaves__6_1024.pt,5.335380554199219,2.58496250089497,0.6642176,-9.861421585083008,-15.196802139282227,11.160447120666504,2,6.338066101074219,2.2516297026029717,1.1211017,12.600464820861816,6.262398719787598,16.266807556152344,3,110.72115325927734,2.5849625040413726,1.6182029,-46.90569305419922,-157.62684631347656,295.02081298828125,3
formant__voice_harmonics__256_1024.pt,6.318879127502441,4.578713414127062,1.9412731,-8.290964126586914,-14.609843254089355,29.730487823486328,9,3.9149980545043945,3.925081303480295,2.4988196,10.91946029663086,7.004462242126465,5.601078987121582,52,58.76322937011719,4.488559745507496,2.415507,-100.4661865234375,-159.2294158935547,128.13839721679688,91
noise__dizzy__173_1024.pt,6.282600402832031,4.510294903158714,3.0974665,-6.612459182739258,-12.895059585571289,111.01895141601562,91,5.033873558044434,3.8750084209489577,2.4100626,11.063143730163574,6.029270172119141,57.393829345703125,104,62.14591979980469,3.230997820750863,2.0899317,-97.5018310546875,-159.6477508544922,572.294189453125,98
noise__applause__256_1024.pt,17.434343338012695,4.129234787133817,4.937656,-8.570901870727539,-26.005245208740234,567.9617309570312,153,1.1857318878173828,4.103040965128017,1.0325326,12.161239624023438,10.975507736206055,34.94218444824219,156,26.30048370361328,4.4726684290556005,2.3262522,-78.40516662597656,-104.70565032958984,910.97900390625,173
noise__formula_1__196_1024.pt,7.135967254638672,4.309057416100704,3.7275858,-4.70128059387207,-11.837247848510742,152.80247497558594,121,1.5074844360351562,4.736715057260158,1.2405212,10.96327018737793,9.455785751342773,22.7681884765625,123,39.572723388671875,4.506818455626629,1.9714634,-102.84443664550781,-142.4171600341797,523.6826171875,115
noise__junk_2__205_1024.pt,14.949617385864258,4.200539429631702,4.687071,-6.945747375488281,-21.89536476135254,490.3756408691406,119,1.969670295715332,4.549222593171496,1.5643015,13.413383483886719,11.443713188171387,65.9991455078125,119,88.3182373046875,4.673166170691831,4.9521375,-11.605406761169434,-99.92364501953125,2725.02685546875,93
basics__saw_pw_bass__252_1024.pt,10.119498252868652,4.449488968738196,3.5780213,-8.183024406433105,-18.302522659301758,10.283896446228027,4,2.8798789978027344,3.9478328846372124,1.331988,12.460463523864746,9.580584526062012,4.679146766662598,67,50.180572509765625,4.726655473816417,2.8103864,-56.792236328125,-106.97280883789062,78.99104309082031,84
formant__sparkle_form__140_1024.pt,7.326442718505859,4.578910059934302,2.368972,-8.265440940856934,-15.591883659362793,28.280052185058594,27,0.6593208312988281,4.276884810568118,0.43327132,12.634354591369629,11.9750337600708,2.2931203842163086,44,23.940773010253906,3.796846173867209,1.4068046,-73.7801284790039,-97.72090148925781,90.08358001708984,72
complex__dubstep_organ__64_1024.pt,4.98903226852417,4.513147666538511,1.9134434,-6.658535480499268,-11.647567749023438,29.46343994140625,30,7.732178688049316,4.341982179989277,2.2976835,13.62088394165039,5.888705253601074,8.389145851135254,5,143.35968017578125,3.487954717858082,2.8167448,-16.48621940612793,-159.8459014892578,189.85391235351562,14
formant__aligned_form__256_1024.pt,4.744712829589844,4.652504494206003,1.8867329,-13.437566757202148,-18.182279586791992,21.759326934814453,91,2.927915573120117,4.7796789879364,1.9985089,11.61978816986084,8.691872596740723,27.325881958007812,120,81.87134552001953,4.795866720973154,3.1233063,-69.94225311279297,-151.8135986328125,379.01092529296875,123
complex__bit_ring__256_1024.pt,4.840160846710205,4.5945123672352395,1.2114595,-7.117441654205322,-11.957602500915527,19.50393295288086,7,0.3057727813720703,4.751574568089319,0.1717131,13.147185325622559,12.841412544250488,0.6620006561279297,7,17.21527862548828,4.592996411207038,1.8816346,-36.247928619384766,-53.46320724487305,36.56918716430664,13
noise__vintage_noise__256_1024.pt,7.342008590698242,4.2997058969243085,4.378462,-6.086150169372559,-13.4281587600708,317.90936279296875,165,0.8237199783325195,4.299656187215546,0.8119532,11.087217330932617,10.263497352600098,26.77489471435547,181,28.441162109375,4.559027872367217,2.565444,-89.37389373779297,-117.81505584716797,1337.719970703125,175
vintage__ob6_shapes__71_1024.pt,4.59867525100708,4.270705062033472,1.1528307,-6.865606784820557,-11.464282035827637,9.35411262512207,7,0.5925483703613281,4.245068871886696,0.31569833,13.032979011535645,12.440430641174316,1.2661066055297852,10,43.23143005371094,4.043522352259637,2.3844807,-33.5877685546875,-76.81919860839844,56.96839141845703,3
noise__pink_noise__256_1024.pt,1.4365134239196777,4.500609211332531,2.4522443,-5.404429912567139,-6.840943336486816,75.32130432128906,161,0.22834205627441406,4.36620800427664,0.28127813,12.787629127502441,12.559287071228027,10.821418762207031,161,7.797153472900391,4.494718183336392,2.1720858,-33.72443389892578,-41.52158737182617,412.15838623046875,167
noise__pouring_rain__256_1024.pt,5.405862808227539,4.51837773842602,3.6026497,-8.521066665649414,-13.926929473876953,295.36614990234375,178,0.3699455261230469,4.230127474652769,0.3978574,13.156978607177734,12.787033081054688,15.046419143676758,167,16.230213165283203,4.5864210598679325,3.7068756,-25.630142211914062,-41.860355377197266,907.5628662109375,162
instrument__afrobeat__4_1024.pt,10.395687103271484,2.000000000371124,1.1287694,-5.8130645751953125,-16.208751678466797,10.395687103271484,0,2.4014577865600586,2.000000000090443,0.634106,9.242511749267578,6.8410539627075195,2.4014577865600586,0,8.66192626953125,1.9999999998823925,0.19123843,-149.4275360107422,-158.08946228027344,18.842697143554688,2
filter__sweep_3__31_1024.pt,7.511794090270996,4.155651549500943,1.520925,-8.126762390136719,-15.638556480407715,24.284927368164062,6,4.444318771362305,4.205187828244794,1.476148,12.605517387390137,8.161198616027832,5.609112739562988,8,101.03738403320312,4.1438930197607835,2.074369,-50.648193359375,-151.68557739257812,102.7408447265625,4
complex__noise_manipulator__70_1024.pt,2.679915428161621,4.613013176754773,1.037448,-8.674922943115234,-11.354838371276855,10.704647064208984,24,2.7043609619140625,3.3645532216143192,1.1083115,12.725120544433594,10.020759582519531,3.6405839920043945,21,101.05113220214844,3.7053300209631086,3.3176622,-36.473724365234375,-137.5248565673828,117.35072326660156,11
retro__robotic__12_1024.pt,2.5237441062927246,2.6174914863653997,0.79358447,-6.673794269561768,-9.197538375854492,7.218228340148926,5,0.7082500457763672,3.188721875562157,0.26874495,12.662493705749512,11.954243659973145,3.0269041061401367,9,53.89279556274414,3.5849625019627807,1.4457306,-58.92904281616211,-112.82183837890625,225.5234375,9
retro__resonant_1__65_1024.pt,3.608334541320801,4.525441630596895,1.2758248,-8.915102005004883,-12.523436546325684,26.092571258544922,13,0.7967052459716797,4.243157419122507,0.43000934,12.527691841125488,11.730986595153809,2.7895851135253906,30,36.32122039794922,4.247378894452444,1.7188988,-78.06900787353516,-114.39022827148438,120.55364227294922,34
noise__hp_noise__256_1024.pt,1.769284725189209,4.460043160807778,2.6799965,-5.0666117668151855,-6.8358964920043945,87.78759765625,173,0.16574954986572266,4.340337619342827,0.20981851,13.475138664245605,13.309389114379883,7.583583831787109,168,6.043913841247559,4.408388989244579,3.4317336,-9.940095901489258,-15.984009742736816,279.9608154296875,162
formant__crispy_form__16_1024.pt,4.23555850982666,3.452820270436643,1.2444614,-6.786797523498535,-11.022356033325195,16.39307403564453,7,0.5063047409057617,3.4999943485659615,0.19157375,11.696385383605957,11.190080642700195,1.5771760940551758,7,24.561019897460938,3.750000155837555,0.7619775,-88.21754455566406,-112.778564453125,55.26292419433594,8
noise__broken_filter__249_1024.pt,21.0771541595459,4.44658719265672,4.7504053,-10.676223754882812,-31.75337791442871,1048.728759765625,139,1.3657007217407227,4.088354641036827,1.154016,13.654840469360352,12.289139747619629,40.604496002197266,157,39.03607940673828,3.739552715820781,5.667009,-8.770540237426758,-47.806617736816406,1267.361572265625,154
formant__harsh_vowel__256_1024.pt,5.0360822677612305,4.88706600217363,2.3908055,-3.9261245727539062,-8.962206840515137,20.300260543823242,7,0.3747682571411133,4.589715139902724,0.23742701,13.17408561706543,12.799317359924316,1.048975944519043,16,6.568729400634766,4.829652512074539,0.58409667,-40.60445785522461,-47.173187255859375,25.265995025634766,17
basics__saw_harmonics__252_1024.pt,7.639436721801758,4.6921853788366885,2.1582935,-9.790510177612305,-17.429946899414062,44.72625732421875,46,0.4754447937011719,4.247903594531085,0.28929922,12.65102481842041,12.175580024719238,2.492793083190918,42,17.259220123291016,4.433202926850248,1.7834636,-53.55068588256836,-70.80990600585938,122.09591674804688,63
retro__harmonics_3__185_1024.pt,3.9088001251220703,4.328434120491908,1.4555755,-9.152289390563965,-13.061089515686035,18.328153610229492,74,0.7620229721069336,4.446607915087453,0.539006,12.886112213134766,12.124089241027832,2.78875732421875,116,60.32908630371094,4.342110143968581,3.0942545,-48.69731140136719,-109.02639770507812,176.21786499023438,117
noise__junk_1__129_1024.pt,12.424976348876953,4.151597901731863,3.8909535,-5.509344577789307,-17.9343204498291,218.81150817871094,85,1.3577375411987305,4.643863649927765,0.8855619,13.27048110961914,11.91274356842041,21.6458683013916,70,65.27217864990234,4.742464847886271,4.010732,-19.577722549438477,-84.84989929199219,1243.5335693359375,68
basics__galactica__4_1024.pt,4.828780174255371,2.0000000001776015,0.74588764,-10.571038246154785,-15.399818420410156,5.331780433654785,2,1.3406553268432617,1.5000000000539453,0.32588947,10.872113227844238,9.531457901000977,1.3600635528564453,1,30.727378845214844,2.000000001058366,0.63710546,-79.74717712402344,-110.47455596923828,30.727378845214844,0
instrument__nylon_bass__64_1024.pt,18.781579971313477,4.493039340744391,2.4590101,-10.301494598388672,-29.08307456970215,26.307823181152344,11,2.698361396789551,3.4247520856939015,1.455935,9.828614234924316,7.130252838134766,5.467987060546875,26,32.29071807861328,2.9685620447747962,0.92918456,-113.38420867919922,-145.6749267578125,100.04033660888672,41
vintage__jup_sawpulse__150_1024.pt,3.730813980102539,4.2921464277730585,1.8585304,-7.27756404876709,-11.008378028869629,9.856983184814453,11,3.238234519958496,4.512129197887571,1.6427674,12.69743824005127,9.459203720092773,3.637479782104492,25,76.6504135131836,4.76372671627092,3.3548849,-44.62522888183594,-121.27564239501953,92.48912048339844,47
vintage__sloppy_square__256_1024.pt,0.3698883056640625,4.124606320045524,0.45154262,-8.458396911621094,-8.828285217285156,3.2043962478637695,55,0.9309415817260742,4.285739989462137,0.8656167,8.565305709838867,7.634364128112793,10.731088638305664,97,0.4486846923828125,4.453224279775499,0.052388236,-159.24119567871094,-159.68988037109375,16.559463500976562,165
basics__beating_2__111_1024.pt,3.3736257553100586,3.792185637382496,1.1736972,-10.60783863067627,-13.981464385986328,10.595808029174805,78,0.5268735885620117,2.905422307468249,0.27954656,12.670696258544922,12.14382266998291,3.3269147872924805,103,13.377883911132812,4.447067558302944,0.95381725,-68.5826416015625,-81.96052551269531,101.94974517822266,84
instrument__oboe__41_1024.pt,19.833738327026367,1.7455313266366226,3.119137,-7.731401443481445,-27.565139770507812,22.88191032409668,7,0.4842958450317383,3.691148088858482,0.32438076,7.333504676818848,6.849208831787109,1.0761995315551758,15,3.9315948486328125,1.75898644800046,0.16454405,-155.75985717773438,-159.6914520263672,4.9034423828125,22
filter__frequency_fm__148_1024.pt,1.5688557624816895,4.463860816617787,1.2380625,-7.306290149688721,-8.87514591217041,36.054813385009766,130,3.4198379516601562,4.723986455082892,1.6896026,13.06261920928955,9.642781257629395,8.394947052001953,116,80.24295806884766,4.689465110854936,3.3206403,-45.59242248535156,-125.83538055419922,349.359619140625,126
instrument__bell__94_1024.pt,12.073484420776367,4.370292979966811,2.4622977,-10.819095611572266,-22.892580032348633,22.982147216796875,30,0.638249397277832,4.504316528748603,0.45064825,11.183358192443848,10.545108795166016,1.2296218872070312,48,14.771087646484375,4.237800163147355,0.64877987,-128.5477294921875,-143.31881713867188,76.73957824707031,61
vintage__jup_double_pulse__61_1024.pt,4.189237594604492,4.487896267744092,1.5673472,-7.885676383972168,-12.07491397857666,14.31623363494873,15,1.1730690002441406,3.241112678840346,0.46122926,13.228947639465332,12.055878639221191,3.2273616790771484,27,34.321075439453125,3.393555677709044,1.6897316,-35.80735778808594,-70.12843322753906,106.03825378417969,27
retro__resonant_2__65_1024.pt,4.164864540100098,4.554920277169229,1.3540047,-8.46690559387207,-12.631770133972168,30.698434829711914,13,0.5259122848510742,4.677998493665549,0.25639054,12.634471893310547,12.108559608459473,4.051719665527344,19,30.264846801757812,4.233680931975082,1.6203597,-69.33943176269531,-99.60427856445312,180.1285400390625,26
retro__sweep_saw_2__185_1024.pt,6.877098083496094,3.8906082509087674,2.1939394,-12.587274551391602,-19.464372634887695,13.31160831451416,43,1.385711669921875,4.689723930599092,1.0061533,11.788838386535645,10.40312671661377,21.167739868164062,106,68.16539001464844,4.170903419520085,2.884496,-89.95663452148438,-158.1220245361328,2564.16015625,124
filter__bit_sweep__16_1024.pt,4.105422496795654,3.624999216094218,1.1512543,-6.217714786529541,-10.323137283325195,5.991566181182861,6,0.4990682601928711,3.874996177525369,0.14042737,12.91580581665039,12.41673755645752,1.0326175689697266,7,22.284252166748047,3.7499997436979844,1.1056218,-41.845035552978516,-64.12928771972656,64.89649963378906,8
vintage__jun_square_stack__230_1024.pt,4.191266059875488,4.684264454712549,1.6067154,-9.385248184204102,-13.57651424407959,17.725797653198242,25,0.4075641632080078,4.624626838820265,0.37554073,11.606721878051758,11.19915771484375,7.722273826599121,136,9.881034851074219,4.736458552661468,1.0033158,-74.0785903930664,-83.95962524414062,153.42401123046875,129
instrument__jazz_buzz__40_1024.pt,10.065906524658203,4.853056217749382,1.9407768,-10.825138092041016,-20.89104461669922,10.065906524658203,0,0.8499670028686523,4.325073404889561,0.3094644,11.618209838867188,10.768242835998535,2.6513290405273438,13,23.097625732421875,3.925071099608333,0.99360037,-80.02085876464844,-103.11848449707031,37.25849914550781,17
noise__modulated_kodiak__64_1024.pt,3.4247541427612305,4.442988208665081,2.262958,-4.090227127075195,-7.514981269836426,44.01975631713867,39,2.4163551330566406,3.94531341806414,1.0361397,12.453776359558105,10.037421226501465,22.84367561340332,42,42.53473663330078,4.661738431697387,2.343165,-56.16795349121094,-98.70269012451172,532.9698486328125,40
noise__vinyl_dirt_soft__125_1024.pt,16.507720947265625,4.633529126083619,3.0877943,-22.00605010986328,-38.513771057128906,455.5508117675781,76,1.1322832107543945,4.493539885737539,0.91126734,13.114623069763184,11.982339859008789,29.421632766723633,77,38.342613220214844,4.547770187231745,4.0341167,-13.627092361450195,-51.969703674316406,1079.0557861328125,83
basics__sub_1__129_1024.pt,1.1409568786621094,4.805525274201688,0.36646476,-8.945722579956055,-10.086679458618164,2.258114814758301,2,5.243147850036621,4.835153029815714,2.5075445,11.211499214172363,5.968351364135742,5.416516304016113,8,45.396270751953125,3.532415700282801,1.6906096,-114.48710632324219,-159.8833770751953,46.858917236328125,36
noise__radio_2__251_1024.pt,7.597801208496094,4.415919924335429,4.103156,-7.461448669433594,-15.059249877929688,317.4766845703125,156,1.1487951278686523,4.557638917745626,0.942093,12.141157150268555,10.992362022399902,26.12407112121582,146,35.55397033691406,4.699588854063462,2.8986454,-73.21290588378906,-108.76687622070312,1000.6761474609375,146
harmonics__sines_5__10_1024.pt,1.8447551727294922,2.921928094946234,0.5865027,-8.224254608154297,-10.069009780883789,7.483152389526367,5,3.2411813735961914,2.846439344772761,0.95620126,9.187251091003418,5.946069717407227,6.5553483963012695,3,0.3894805908203125,2.9218275179994038,0.0147389155,-159.47201538085938,-159.8614959716797,0.928131103515625,4
basics__beating_3__110_1024.pt,2.8520450592041016,3.749892644649991,1.185514,-10.632795333862305,-13.484840393066406,8.50175952911377,61,0.5757780075073242,2.3803249787780363,0.28882027,12.678271293640137,12.102493286132812,2.871318817138672,72,11.032081604003906,4.252604409105148,0.8441154,-69.5145034790039,-80.54658508300781,99.32332611083984,70
collection__rust__256_1024.pt,6.726543426513672,4.704225190266051,2.3408353,-7.004180908203125,-13.730724334716797,26.98055076599121,7,5.052726745605469,4.222973191217033,1.5989212,13.272454261779785,8.219727516174316,12.123344421386719,4,120.71101379394531,4.407719827580836,3.740884,-24.126628875732422,-144.837646484375,275.1723937988281,2
basics__fm_harmonics__256_1024.pt,8.056452751159668,4.30637048847165,3.4133863,-6.867547035217285,-14.923999786376953,8.588873863220215,31,7.2508344650268555,4.778023016694334,3.1941829,12.80433177947998,5.553497314453125,19.1908016204834,149,115.29316711425781,4.698724782894752,3.790682,-43.63523864746094,-158.92840576171875,760.7154541015625,181
harmonics__synced_sines__256_1024.pt,1.9775824546813965,4.612500819820784,1.7063298,-7.547684192657471,-9.525266647338867,2.322538375854492,50,3.327183723449707,4.5974896385754676,2.4498935,9.424253463745117,6.09706974029541,18.245830535888672,118,1.1069488525390625,4.319783392957998,0.08732867,-158.58518981933594,-159.692138671875,20.402481079101562,166
complex__bitkart__149_1024.pt,4.918123245239258,4.284693660913524,2.5814111,-4.934290885925293,-9.85241413116455,68.18292999267578,93,3.519084930419922,4.511742332692607,1.491446,12.90445327758789,9.385368347167969,39.701629638671875,75,85.38951110839844,4.617268850326263,2.6341422,-46.47773742675781,-131.86724853515625,1154.597900390625,86
collection__olive__256_1024.pt,9.260736465454102,4.519190968118464,2.1402714,-6.573645114898682,-15.834381103515625,95.45156860351562,25,1.8339033126831055,4.403387448816105,0.7583742,11.863572120666504,10.029668807983398,6.752418518066406,20,39.39812469482422,4.273576016116854,1.5412651,-83.86962127685547,-123.26774597167969,152.93032836914062,29
formant__riser__87_1024.pt,3.011733055114746,3.4789858648494145,1.9119573,-5.775721549987793,-8.787454605102539,3.317453384399414,1,0.5466699600219727,4.760145740821996,0.34589773,11.521444320678711,10.974774360656738,0.6657199859619141,4,39.73213195800781,4.836637663822712,1.617813,-96.37132263183594,-136.10345458984375,46.282249450683594,26
collection__amber__256_1024.pt,8.171733856201172,4.81581090383245,1.4952676,-9.24449348449707,-17.416227340698242,28.542442321777344,5,3.9495601654052734,4.374173825774194,2.1668005,12.133475303649902,8.183915138244629,4.151094436645508,4,79.71063995361328,4.557592928707706,3.40607,-68.4692611694336,-148.17990112304688,89.41242218017578,67
retro__echoes__185_1024.pt,6.794269561767578,4.448580985741877,2.490592,-6.47573184967041,-13.270001411437988,33.60426330566406,54,0.8879766464233398,4.739144599506743,0.61338127,12.771817207336426,11.883840560913086,6.506487846374512,103,58.773468017578125,4.159938232121671,3.1993399,-52.07781982421875,-110.85128784179688,409.35272216796875,91
instrument__piano__73_1024.pt,5.008510589599609,4.345724004051567,2.018043,-7.790618896484375,-12.799129486083984,49.1883544921875,37,1.5046863555908203,4.242178059727537,0.6064669,11.448366165161133,9.943679809570312,4.384670257568359,34,46.772064208984375,4.471699847400444,1.4346211,-80.42129516601562,-127.193359375,129.26348876953125,27
complex__octa_phase__117_1024.pt,5.521548271179199,4.09868221455582,1.6865819,-6.615540504455566,-12.137088775634766,18.480445861816406,24,0.5918998718261719,4.577274010666981,0.35919142,12.34280776977539,11.750907897949219,2.701357841491699,61,33.815521240234375,4.756298837436079,1.8307865,-53.114715576171875,-86.93023681640625,72.60526275634766,59
basics__sync_additive__256_1024.pt,2.6479578018188477,4.436895726077089,2.1846778,-7.824109077453613,-10.472066879272461,110.11196899414062,181,0.7647008895874023,3.11675869386595,0.4324711,12.974267959594727,12.209567070007324,12.00477123260498,129,14.507217407226562,4.162346620043731,2.1325874,-37.9410514831543,-52.44826889038086,455.81524658203125,131
formant__tuvan__128_1024.pt,3.9209136962890625,4.630854235521239,1.2212777,-7.867064476013184,-11.787978172302246,14.159719467163086,10,0.7189779281616211,4.239062622565379,0.570868,10.263323783874512,9.54434585571289,1.1911897659301758,51,11.192428588867188,4.476244830671721,0.54610044,-135.8547821044922,-147.04721069335938,108.28877258300781,87
noise__crash__254_1024.pt,5.2096967697143555,4.465554392974472,3.8025978,-7.2154083251953125,-12.425105094909668,261.0984802246094,157,1.2318429946899414,4.269638258721926,0.9048227,11.706477165222168,10.474634170532227,28.988590240478516,166,36.70782470703125,3.6163912927409694,2.000675,-73.59009552001953,-110.29792022705078,627.0318603515625,157
instrument__strings_1__256_1024.pt,21.751461029052734,3.3438067570360968,4.200803,-9.589573860168457,-31.341035842895508,51.987449645996094,31,0.7896871566772461,4.7322546618391925,0.8124891,9.501608848571777,8.711921691894531,14.39110279083252,132,41.7674560546875,3.83482573395969,1.4625664,-103.4180908203125,-145.185546875,237.74142456054688,156
basics__beating_4__111_1024.pt,3.223398208618164,3.8049261168830117,1.2251122,-10.416158676147461,-13.639556884765625,13.35363483428955,72,0.7544498443603516,1.9512112594275228,0.33909684,12.721199989318848,11.966750144958496,3.849654197692871,72,10.721527099609375,4.084355786251599,0.74352974,-70.22813415527344,-80.94966125488281,94.66456604003906,72
distortion__clipped_sweep__64_1024.pt,4.494907379150391,4.634623729995519,2.610509,-3.029067039489746,-7.523974418640137,46.260589599609375,27,2.8467206954956055,3.6599278091438348,0.9206778,13.449569702148438,10.602849006652832,13.358846664428711,30,55.821285247802734,4.148786591464148,2.9407551,-18.683338165283203,-74.50462341308594,253.54173278808594,30
vintage__minifilter__6_1024.pt,3.5607051849365234,2.2516286913624852,0.57296467,-10.491188049316406,-14.05189323425293,7.9835100173950195,3,1.849440574645996,2.5849625007459665,0.55445176,9.632938385009766,7.7834978103637695,4.449344635009766,2,63.180389404296875,2.5849625026521905,1.0224255,-92.459228515625,-155.63961791992188,171.55941772460938,4
harmonics__spectral_1__24_1024.pt,8.95466423034668,3.7678948880940406,1.8623791,-4.927347183227539,-13.882011413574219,9.215518951416016,4,1.1540489196777344,3.9387187725112778,0.476326,10.97105598449707,9.817007064819336,1.3372364044189453,5,5.82452392578125,4.022063073511267,0.19789526,-153.18548583984375,-159.010009765625,9.706512451171875,8
complex__transformations__256_1024.pt,6.251987934112549,4.771666685383195,1.6745647,-7.68720006942749,-13.939188003540039,43.131141662597656,15,5.2562103271484375,4.605154993981772,2.693505,12.30184555053711,7.045635223388672,5.737508773803711,19,100.17396545410156,4.564848874101162,3.4981687,-56.59992599487305,-156.77389526367188,122.26017761230469,47
basics__fm_fold__78_1024.pt,2.0245609283447266,4.38201435827471,0.98770165,-9.98868465423584,-12.013245582580566,6.916079521179199,13,4.092243194580078,4.742097381618265,1.8263272,11.024044036865234,6.931800842285156,4.092243194580078,0,33.587249755859375,4.138427656657472,1.1990999,-125.86701965332031,-159.4542694091797,35.597991943359375,22
instrument__finger_off__108_1024.pt,27.487266540527344,4.055866376793066,2.990799,-8.20611572265625,-35.693382263183594,46.2435188293457,28,1.8429651260375977,2.988423027156485,0.9145829,11.077837944030762,9.234872817993164,8.722784996032715,63,19.940345764160156,3.8254996698534764,0.9306225,-99.98538208007812,-119.92572784423828,140.44509887695312,64
basics__5th_brutal__233_1024.pt,3.716179847717285,4.32515311865243,1.967596,-4.726049423217773,-8.442229270935059,6.012432098388672,11,0.11423397064208984,4.386861696390378,0.09739363,12.927270889282227,12.813036918640137,0.8582582473754883,150,4.02777099609375,4.52622745344999,0.5571108,-44.596405029296875,-48.624176025390625,37.93461990356445,128
harmonics__sines_1__16_1024.pt,2.484832763671875,3.6250000000611777,0.71225184,-8.980226516723633,-11.465059280395508,7.139676094055176,10,2.6505613327026367,3.8750004497948005,0.97998124,9.46646785736084,6.815906524658203,2.7005491256713867,2,0.3021240234375,3.625113452308068,0.012879157,-159.55821228027344,-159.86033630371094,0.4461517333984375,5
complex__verbed__256_1024.pt,6.129549026489258,4.586982192669231,3.7477229,-7.032793998718262,-13.16234302520752,204.6432342529297,163,0.9371671676635742,4.709519404737469,0.693733,12.80458927154541,11.867422103881836,19.82946014404297,152,56.30641555786133,4.524949352047015,2.9452424,-61.556888580322266,-117.8633041381836,658.8404541015625,165
filter__sweep_2__256_1024.pt,7.302668571472168,4.539034650350278,2.2277808,-8.773686408996582,-16.07635498046875,14.785231590270996,28,4.171731948852539,4.57930961194619,2.439597,11.587555885314941,7.415823936462402,6.424844741821289,34,64.38143920898438,4.44583964715228,2.6276753,-89.4698486328125,-153.85128784179688,99.30683898925781,63
formant__vosm__256_1024.pt,7.983606338500977,4.340925719779178,3.078845,-6.399374008178711,-14.382980346679688,101.29390716552734,173,1.3177070617675781,4.409479582561026,0.91782343,11.880073547363281,10.562366485595703,58.303810119628906,197,38.55048751831055,4.606132127098117,2.233345,-59.857181549072266,-98.40766906738281,1387.867431640625,197
harmonics__shrinking_saws__256_1024.pt,2.254824638366699,4.6462182385934945,1.7997055,-7.569438934326172,-9.824263572692871,28.859054565429688,203,0.6666288375854492,4.843300289824493,0.54553396,11.935487747192383,11.268858909606934,12.348113059997559,102,18.452308654785156,4.709721386927692,1.2513564,-84.62067413330078,-103.07298278808594,241.6666259765625,73
basics__saw_dual_3__158_1024.pt,9.188197135925293,3.7233104700075006,2.7539124,-8.6882963180542,-17.876493453979492,12.847030639648438,5,0.42374134063720703,3.56040390102876,0.21883547,11.24388599395752,10.820144653320312,1.2648544311523438,51,13.97442626953125,4.143965643626418,0.7025623,-91.15345001220703,-105.12787628173828,44.46283721923828,77
complex__xmod_drive__256_1024.pt,5.265265464782715,4.719040496963315,1.6441367,-6.677461624145508,-11.942727088928223,24.32292938232422,13,0.9454355239868164,4.53565491259948,0.2342149,13.080082893371582,12.134647369384766,2.1159868240356445,5,36.95105743408203,4.386284129693704,1.8160393,-22.9119873046875,-59.86304473876953,89.93973541259766,14
vintage__jn6_double_saws__84_1024.pt,4.784760475158691,4.217473168931261,2.1346858,-7.508042335510254,-12.292802810668945,49.11499786376953,48,3.7039260864257812,4.531367589052056,1.3794373,12.52345085144043,8.819524765014648,8.387221336364746,30,81.15958404541016,4.4321157270373215,2.443903,-50.35643768310547,-131.51602172851562,167.0385284423828,30
formant__digital_ah__256_1024.pt,3.193584442138672,4.561683263088172,0.7622475,-8.72626781463623,-11.919852256774902,10.077800750732422,3,0.1804065704345703,4.825198190199668,0.0821768,12.872349739074707,12.691943168640137,0.3505239486694336,7,17.265029907226562,4.105088865941873,2.1161654,-41.3707275390625,-58.63575744628906,18.23528289794922,20
filter__dark_throaty__254_1024.pt,2.8809642791748047,4.1418262428339325,1.3861022,-9.297679901123047,-12.178644180297852,10.756909370422363,47,3.8862991333007812,4.923724416803886,2.4951487,10.819429397583008,6.933130264282227,4.781797409057617,50,37.831390380859375,3.9480237467645445,1.7768881,-120.91105651855469,-158.74244689941406,72.96465301513672,148
basics__fm_feedback__255_1024.pt,1.451014518737793,4.851091210853454,0.9298776,-8.617082595825195,-10.068097114562988,2.5254058837890625,126,5.525064468383789,4.271229750977506,3.283938,11.347283363342285,5.822218894958496,14.249366760253906,153,52.90253448486328,1.2314778529390338,2.0759277,-107.00623321533203,-159.9087677001953,65.7354736328125,180
retro__sweep_saw_1__185_1024.pt,14.067728996276855,3.7483127393825844,3.4853768,-10.540299415588379,-24.608028411865234,15.128134727478027,101,2.176325798034668,4.559794905191414,1.3377805,11.891727447509766,9.715401649475098,9.756209373474121,105,47.86206817626953,4.134701890831603,2.06356,-110.22469329833984,-158.08676147460938,575.386474609375,121
basics__sync_digital__184_1024.pt,4.183603763580322,4.219727971843506,2.4752018,-7.086897373199463,-11.270501136779785,13.283031463623047,104,0.32408809661865234,4.17115137465135,0.1995455,13.00740909576416,12.683320999145508,1.9019317626953125,103,12.188499450683594,4.398095657029834,1.8650786,-35.110145568847656,-47.29864501953125,102.37075805664062,113
basics__basic_shapes__4_1024.pt,2.5386962890625,2.0000000000954334,0.35113144,-8.888946533203125,-11.427642822265625,3.9049816131591797,1,7.324314117431641,1.5000000002784524,0.8674338,13.256143569946289,5.931829452514648,7.325107574462891,1,124.30265808105469,2.0000000040616825,0.886098,-35.638431549072266,-159.9410858154297,128.4300994873047,1
filter__nasal__27_1024.pt,2.1464691162109375,4.152494713436957,0.6685235,-8.120728492736816,-10.267197608947754,6.785712242126465,5,1.14825439453125,4.208410187285311,0.4775729,12.540657043457031,11.392402648925781,1.2388029098510742,3,23.618968963623047,3.930270433168739,1.1728108,-54.8258171081543,-78.44478607177734,26.384464263916016,7
instrument__organ__256_1024.pt,8.82426929473877,3.805177576507824,2.5615814,-7.26755428314209,-16.09182357788086,75.44815063476562,129,0.7231340408325195,3.6547710167650207,0.4385654,13.378458023071289,12.65532398223877,10.683513641357422,166,22.32720184326172,4.268343267575526,1.898015,-49.12989807128906,-71.45709991455078,353.6153259277344,138
distortion__wow__18_1024.pt,9.179216384887695,3.4193817607707953,2.07447,-4.945413112640381,-14.124629020690918,14.564050674438477,6,0.7099771499633789,3.572433609167942,0.26299167,12.86357593536377,12.15359878540039,1.2529706954956055,6,25.097949981689453,3.836591578541282,1.1845981,-40.863643646240234,-65.96159362792969,61.842308044433594,8
complex__ripped_sync__29_1024.pt,3.9975686073303223,4.0472989489780575,1.1862309,-6.963721752166748,-10.96129035949707,18.21841812133789,17,0.2575645446777344,4.090227130443853,0.12179117,12.358362197875977,12.100797653198242,1.202463150024414,17,22.454158782958984,3.5259410510242795,1.1589915,-62.068668365478516,-84.5228271484375,66.27978515625,18
filter__acid_pulse__72_1024.pt,13.601471900939941,4.872342861371652,2.2933564,-14.509469032287598,-28.11094093322754,14.117277145385742,1,4.301667213439941,4.67422256510681,2.100278,10.489068984985352,6.18740177154541,5.244128227233887,14,35.42889404296875,3.9432601750763463,1.234783,-116.15362548828125,-151.58251953125,89.44479370117188,38
basics__saw_dual_2__111_1024.pt,4.843128204345703,3.0730749902578918,0.9508635,-13.831064224243164,-18.674192428588867,10.146832466125488,51,2.01654052734375,4.18106327483053,0.98993456,12.67822265625,10.66168212890625,3.568218231201172,27,54.06354904174805,4.065724539517529,2.5136852,-61.42387771606445,-115.4874267578125,87.40618133544922,35
harmonics__spectral_3__8_1024.pt,2.734905242919922,3.0000000000693605,0.7347968,-7.335180282592773,-10.070085525512695,8.462141036987305,3,5.0374345779418945,3.000000000142493,0.95595217,10.976673126220703,5.939238548278809,12.397913932800293,3,1.2209625244140625,2.499899991196847,0.03810099,-158.64239501953125,-159.8633575439453,3.005950927734375,3
collection__aureolin__256_1024.pt,4.040236473083496,4.809737861256167,0.72981447,-8.55710220336914,-12.597338676452637,13.718256950378418,3,0.7507972717285156,3.2412548205906164,0.5670072,13.114741325378418,12.363944053649902,0.7963809967041016,9,15.67095947265625,4.724403772630774,1.4103885,-46.20368194580078,-61.87464141845703,32.952056884765625,52
filter__modern_sweep_1__21_1024.pt,2.6250391006469727,3.6897036128400535,0.7588136,-10.514768600463867,-13.13980770111084,6.724181175231934,5,6.027263641357422,4.1066035849365505,1.4451871,12.9476318359375,6.920368194580078,6.752162933349609,1,73.29161834716797,3.463279510285496,1.2966107,-85.96698760986328,-159.25860595703125,93.36691284179688,1
harmonics__biharmonic_steps__70_1024.pt,1.3301615715026855,2.521639231709836,1.0962276,-6.746527194976807,-8.076688766479492,1.3301615715026855,0,1.6767826080322266,2.8073549221014185,1.227875,8.026544570922852,6.349761962890625,1.676783561706543,0,0.138458251953125,2.807353821223866,0.010811089,-159.63839721679688,-159.77685546875,0.1451416015625,0
retro__percusive_organ__184_1024.pt,5.871747970581055,4.6849394231984824,2.2550178,-8.457914352416992,-14.329662322998047,22.328693389892578,70,0.8058261871337891,4.852955866978556,0.6621651,12.828969955444336,12.023143768310547,6.208799362182617,103,65.40409851074219,4.727939187514385,3.5667899,-44.032779693603516,-109.43688201904297,446.7389221191406,98
distortion__jn60_bitter__92_1024.pt,7.199808120727539,4.561569475584107,2.9574249,-3.0577991008758545,-10.257607460021973,28.017051696777344,30,3.6202478408813477,3.3370500881347076,1.3737869,13.356588363647461,9.736340522766113,7.2032623291015625,47,99.16185760498047,3.568967834509293,4.0239444,-18.01128387451172,-117.17314147949219,200.05690002441406,39
harmonics__crispy_sines__235_1024.pt,3.391669750213623,4.620682909734,2.2817216,-6.700829029083252,-10.092498779296875,12.728105545043945,18,1.294194221496582,4.527598406561898,0.85652596,13.021685600280762,11.72749137878418,3.5839996337890625,21,63.39796829223633,4.365870410413789,3.2670298,-38.7636833190918,-102.16165161132812,122.62506866455078,19
formant__real_voice__256_1024.pt,5.809718608856201,4.721010286542802,1.5323838,-7.208488941192627,-13.018207550048828,20.760202407836914,33,1.2543401718139648,4.626922163783692,0.74288553,11.398218154907227,10.143877983093262,13.638996124267578,57,28.887481689453125,4.566937617211416,1.2372957,-86.66889190673828,-115.5563735961914,317.3536376953125,57
filter__sweep_1__32_1024.pt,5.679964065551758,4.288909720879622,1.2040234,-10.127423286437988,-15.807387351989746,19.547733306884766,12,2.419452667236328,4.538909736043924,1.1370939,9.579012870788574,7.159560203552246,2.7202186584472656,2,20.351356506347656,3.941425543659393,0.6074938,-126.35120391845703,-146.7025604248047,51.318443298339844,12
noise__bitter__130_1024.pt,9.710460662841797,4.216675966885599,3.5024607,-4.968944072723389,-14.679404258728027,140.9917449951172,88,0.7397012710571289,4.228034736717334,0.42278376,13.21041202545166,12.470710754394531,7.878323554992676,85,40.10478210449219,4.373661488508905,3.3113828,-28.271141052246094,-68.37592315673828,674.2674560546875,89
instrument__nylon_guitar__43_1024.pt,3.4410672187805176,3.7339166349044195,1.2393843,-7.726126194000244,-11.167193412780762,5.887496471405029,14,1.5244026184082031,3.8088514515402654,0.66843814,9.493687629699707,7.969285011291504,3.1202478408813477,17,10.523910522460938,4.211408684551486,0.3184749,-136.3978271484375,-146.92173767089844,34.03639221191406,21
instrument__strings_2__130_1024.pt,18.70014190673828,4.684680418434354,2.7435303,-8.234842300415039,-26.93498420715332,55.62041473388672,18,1.648390769958496,4.598379131699875,1.054073,10.191133499145508,8.542742729187012,10.94580364227295,80,21.024627685546875,4.655490938663052,0.97689146,-116.79727172851562,-137.8218994140625,111.48171997070312,69
instrument__sarod__94_1024.pt,8.318011283874512,4.754890081084543,2.2668133,-10.492091178894043,-18.810102462768555,9.844080924987793,26,0.6701374053955078,4.722118989345699,0.43026152,11.090003967285156,10.419866561889648,0.9210176467895508,37,8.489776611328125,4.307912567766902,0.40458834,-143.015625,-151.50540161132812,38.453125,59
noise__redux_noise__256_1024.pt,5.171194076538086,4.199327148922265,2.972075,-10.808526039123535,-15.979720115661621,212.3155059814453,167,0.2549886703491211,4.445888617685785,0.32472873,13.16321086883545,12.908222198486328,13.022787094116211,160,10.142501831054688,4.2031376875169055,2.7183886,-27.787841796875,-37.93034362792969,476.8092041015625,177
basics__saw_pw_detune__248_1024.pt,8.32109260559082,3.2289233725335165,2.493106,-11.127769470214844,-19.448862075805664,15.340856552124023,87,3.7689695358276367,4.220198929084358,1.3416798,12.494473457336426,8.725503921508789,14.62401008605957,13,89.94831848144531,4.047296162901981,2.1456165,-62.31258773803711,-152.2609100341797,338.00323486328125,215
complex__plastic_shimmer__256_1024.pt,2.5737810134887695,4.50043134026616,1.0701963,-7.298209190368652,-9.871990203857422,13.133672714233398,109,0.4012413024902344,4.750309939611782,0.21876508,12.704222679138184,12.30298137664795,9.261180877685547,189,49.917442321777344,4.668326003763029,1.4081933,-79.74028778076172,-129.65773010253906,256.1666564941406,181
harmonics__transistor_saw__256_1024.pt,8.001187324523926,4.637684144597616,2.9780397,-8.039130210876465,-16.04031753540039,54.03673553466797,21,1.003535270690918,3.725470015962303,0.63927287,13.0536470413208,12.050111770629883,2.4818248748779297,22,21.572315216064453,4.202139225853608,2.2098045,-36.14812088012695,-57.720436096191406,101.52784729003906,27
collection__pearl__5_1024.pt,4.2016448974609375,1.9219275139785448,0.6996225,-8.638728141784668,-12.840373039245605,9.073901176452637,2,1.338831901550293,2.32192809484662,0.28693354,12.335741996765137,10.996910095214844,2.1026487350463867,2,54.507415771484375,2.321928096642602,0.8643812,-57.30120849609375,-111.80862426757812,114.3744888305664,2
harmonics__vocal_sines__256_1024.pt,1.5259313583374023,4.758481673659178,1.0920606,-7.064157485961914,-8.590088844299316,17.264110565185547,115,0.9031295776367188,4.537972656805442,0.8212298,9.345550537109375,8.442420959472656,19.66661834716797,191,1.469390869140625,4.586637333798905,0.11751935,-157.03775024414062,-158.50714111328125,47.3092041015625,199
noise__swept_noise__255_1024.pt,5.328758239746094,4.600117946849844,3.9524221,-7.024639129638672,-12.353397369384766,271.752197265625,157,2.394969940185547,4.198174056602687,0.9090992,13.499357223510742,11.104387283325195,12.546422004699707,154,54.52568817138672,4.722621325090188,2.782994,-37.17638397216797,-91.70207214355469,512.5515747070312,165
harmonics__buzz_bell__173_1024.pt,1.3682737350463867,4.023737475342569,0.7310066,-7.663455963134766,-9.031729698181152,4.58110237121582,9,0.9127912521362305,4.7617096270539285,0.6948852,10.33672046661377,9.423929214477539,1.0881032943725586,6,22.219696044921875,4.616767381887495,1.1099982,-135.35482788085938,-157.57452392578125,55.380645751953125,100
instrument__harmonica__87_1024.pt,16.846988677978516,2.6851215072278833,3.244711,-10.645315170288086,-27.4923038482666,43.8001823425293,31,0.8243570327758789,3.389886401445096,0.4108538,10.095972061157227,9.271615028381348,3.0716171264648438,38,18.992477416992188,3.5608469245772687,0.65056854,-120.20822143554688,-139.20069885253906,88.06200408935547,41
basics__no_primes__256_1024.pt,4.4348859786987305,4.500822081775928,2.8938804,-4.819853782653809,-9.254739761352539,35.156620025634766,38,0.29773807525634766,4.598122542932021,0.25170794,13.274028778076172,12.976290702819824,1.2520475387573242,127,77.20504760742188,4.580632066669164,3.5788066,-49.711490631103516,-126.91654205322266,985.476806640625,166
vintage__logue_saw__166_1024.pt,1.2062454223632812,4.391220047331508,0.53828675,-8.12508773803711,-9.33133316040039,2.7532958984375,63,0.8495082855224609,3.8659228104336765,0.58675903,12.574864387512207,11.725356101989746,1.6301898956298828,53,13.808555603027344,4.570435485517661,1.4229816,-44.974327087402344,-58.78288269042969,82.28955078125,85
retro__polated__185_1024.pt,5.46174430847168,4.687332111838137,1.8030578,-9.41207504272461,-14.873819351196289,28.044158935546875,56,1.2458486557006836,4.553453440107836,0.5404734,12.990490913391113,11.74464225769043,4.311398506164551,85,77.14801025390625,4.57995357962176,2.8589485,-35.546451568603516,-112.69446563720703,286.4278259277344,90
filter__jup_sweep__78_1024.pt,7.630288124084473,4.221381911343639,1.922527,-6.844371795654297,-14.47465991973877,19.74960708618164,16,4.801793098449707,4.749331088189816,1.8121583,12.937864303588867,8.13607120513916,6.067266464233398,9,102.38365936279297,4.691764304428308,2.925035,-40.940040588378906,-143.32369995117188,143.6397705078125,13
collection__beige__256_1024.pt,8.514671325683594,4.432133821425363,2.5477002,-7.179633617401123,-15.694304466247559,23.506269454956055,9,2.111556053161621,3.6443910728296025,1.6167494,10.030427932739258,7.918871879577637,2.9920787811279297,17,17.605972290039062,4.5768933253127475,0.91273683,-139.18386840820312,-156.7898406982422,95.52375793457031,147
complex__void__256_1024.pt,17.31758689880371,4.777564416449266,3.0537534,-6.869422435760498,-24.187009811401367,132.92388916015625,115,6.782840728759766,4.090323957609725,2.692122,13.714637756347656,6.931797027587891,29.9630069732666,67,139.10440063476562,4.640319956476543,3.8068655,-20.034149169921875,-159.1385498046875,917.1708984375,84
basics__beating_1__110_1024.pt,1.6627702713012695,3.905310516970852,0.6839982,-11.856671333312988,-13.519441604614258,7.968523979187012,65,0.23358917236328125,4.294310613057236,0.13471794,12.659683227539062,12.426094055175781,1.0361051559448242,67,18.226253509521484,4.438319419728925,1.0498571,-63.67624282836914,-81.90249633789062,63.82063293457031,63
noise__vinyl_dirt_constant__256_1024.pt,18.53281593322754,4.593989012963977,5.0352635,-9.164216995239258,-27.697032928466797,1076.225341796875,173,0.9972515106201172,4.32127069627936,0.98203635,13.438936233520508,12.44168472290039,43.78546905517578,171,39.6137809753418,4.262501055547256,5.5103464,-6.391399383544922,-46.00518035888672,1560.885498046875,161
distortion__westcost_fold__126_1024.pt,3.699357509613037,4.360914791594793,2.0516825,-2.2439589500427246,-5.943316459655762,12.206464767456055,11,1.092728614807129,4.626311264387066,0.65873706,12.990617752075195,11.897889137268066,1.3821611404418945,11,34.130226135253906,4.481021978079028,2.692079,-33.56340789794922,-67.69363403320312,60.49917984008789,22
basics__white_noise__255_1024.pt,1.1930580139160156,4.629740561223867,1.5725616,-9.135472297668457,-10.328530311584473,64.6292724609375,166,0.1282501220703125,4.639333939155968,0.19816044,13.14404296875,13.015792846679688,6.965930938720703,157,5.615205764770508,4.421791575288586,1.9655517,-26.17154312133789,-31.7867488861084,275.65130615234375,169
collection__charcoal__8_1024.pt,8.8550386428833,2.5000000002928093,1.276917,-5.817780494689941,-14.672819137573242,15.158576011657715,4,1.8452978134155273,1.75000000007063,0.47135663,13.182706832885742,11.337409019470215,4.000617980957031,4,112.62854766845703,2.4999996308209873,2.0130012,-28.91697120666504,-141.54551696777344,231.0501708984375,4
complex__kicked__4_1024.pt,10.65965747833252,2.000000000381406,1.3589514,-4.212786674499512,-14.872444152832031,10.65965747833252,0,4.170295715332031,2.000000000146912,0.6002767,12.326963424682617,8.156667709350586,5.933527946472168,1,49.92210388183594,2.000000001680299,0.5718018,-87.389892578125,-137.31199645996094,53.55705261230469,1
distortion__dp_fold__230_1024.pt,2.015245199203491,4.87304647486686,1.9832343,-3.93074107170105,-5.945986270904541,8.684871673583984,11,1.9116506576538086,4.033779638932457,1.3314022,11.063004493713379,9.15135383605957,4.887320518493652,140,53.88067626953125,4.300704335863713,2.6318135,-89.78192138671875,-143.66259765625,106.93963623046875,117
instrument__trombone__174_1024.pt,7.986650466918945,1.8258800619209872,2.7830095,-10.261285781860352,-18.247936248779297,10.836485862731934,73,1.1937265396118164,4.002949635753364,0.90994686,7.761074066162109,6.567347526550293,3.8996410369873047,85,3.90435791015625,2.882458068963902,0.19215263,-155.1922607421875,-159.09661865234375,19.217422485351562,114
basics__sub_3__122_1024.pt,2.0992050170898438,4.789734313708552,1.3267937,-7.021617889404297,-9.12082290649414,5.705710411071777,12,3.1316757202148438,4.213995437722144,1.7676961,10.615362167358398,7.483686447143555,4.502694129943848,40,42.24347686767578,4.481043741236874,1.6881276,-111.6935806274414,-153.9370574951172,128.82199096679688,71
complex__ring_mod__256_1024.pt,6.073655128479004,4.775575938476004,2.2337027,-8.394967079162598,-14.468622207641602,30.614879608154297,29,1.3678455352783203,4.791097238437364,0.6345188,11.589343070983887,10.221497535705566,5.506054878234863,81,45.96321105957031,4.759083694123803,2.2589996,-72.92193603515625,-118.88514709472656,181.09890747070312,99
complex__bitten_filter__256_1024.pt,7.936957359313965,4.458955761108449,3.0052123,-5.136465072631836,-13.0734224319458,62.87657928466797,162,0.5577278137207031,4.823757378092456,0.383674,13.02070140838623,12.462973594665527,9.42625904083252,165,24.53030014038086,4.6350073811757015,2.7292,-37.6800422668457,-62.21034240722656,358.0042724609375,147
harmonics__crystal_shifter__173_1024.pt,1.6028547286987305,3.656831877079173,0.8677677,-10.41332721710205,-12.016181945800781,2.008002281188965,3,0.24296188354492188,4.028020229120568,0.22784534,10.972562789916992,10.72960090637207,0.3444833755493164,21,25.47663116455078,4.7087438915362005,1.2476319,-126.34403228759766,-151.82066345214844,69.78507995605469,98
basics__pulse_dual__256_1024.pt,2.641355514526367,3.872300305945006,1.3914871,-10.192964553833008,-12.834320068359375,8.878800392150879,149,0.2807607650756836,3.647544778768908,0.2221941,12.30772590637207,12.026965141296387,5.701855659484863,167,19.300540924072266,4.234234360917618,1.8819126,-60.217952728271484,-79.51849365234375,473.9273986816406,159
basics__quad_saw__119_1024.pt,6.639516830444336,3.538896534917516,2.5143962,-6.622951507568359,-13.262468338012695,7.002010345458984,16,4.315865516662598,3.7739835766330376,1.8326297,12.719034194946289,8.403168678283691,5.617863655090332,29,106.5748519897461,4.257930312747034,3.6558683,-46.063819885253906,-152.638671875,125.59013366699219,37
harmonics__transistor_square__256_1024.pt,9.834518432617188,4.862731350608428,3.1085618,-7.096948623657227,-16.931467056274414,56.94475173950195,13,0.42614269256591797,4.6959674916846605,0.3263463,13.172938346862793,12.746795654296875,1.1400222778320312,19,15.692802429199219,4.840597846912626,1.3054982,-32.20567321777344,-47.898475646972656,66.27584075927734,23
collection__sapphire__256_1024.pt,6.63653564453125,4.772880344519573,1.9882278,-7.160447120666504,-13.796982765197754,51.00649642944336,123,2.2216920852661133,4.809522495434324,0.85639274,11.091313362121582,8.869621276855469,23.279125213623047,158,19.69085693359375,4.5858605096911305,0.8102123,-138.1629638671875,-157.85382080078125,121.23545837402344,149
basics__pulse_pw__185_1024.pt,10.658595085144043,2.9972444807490115,3.128356,-9.02225399017334,-19.680849075317383,17.49025535583496,87,0.11561965942382812,4.754585978770152,0.06285376,12.914641380310059,12.79902172088623,0.7819623947143555,108,10.036834716796875,4.214683722065061,1.2836556,-37.74079132080078,-47.777626037597656,25.004135131835938,96
vintage__sub3_shapes__167_1024.pt,6.941404342651367,4.6163122998081265,2.474056,-9.290925979614258,-16.232330322265625,17.650455474853516,16,4.194708824157715,4.368172517313933,1.745064,12.198843002319336,8.004134178161621,19.200986862182617,51,77.8121566772461,4.318978340141528,2.4845614,-65.1332015991211,-142.9453582763672,277.98858642578125,56
filter__super_phased__58_1024.pt,10.0493745803833,4.051633343558952,2.32112,-8.607169151306152,-18.656543731689453,44.87592697143555,26,2.6533689498901367,3.9312776590810046,1.1190449,12.776423454284668,10.123054504394531,3.4929609298706055,12,86.72596740722656,4.3665411450260585,2.6486466,-61.13650894165039,-147.8624725341797,367.13775634765625,34
vintage__sloppy_saw__128_1024.pt,0.25506591796875,4.639682820319328,0.23561713,-12.245805740356445,-12.500871658325195,3.535886764526367,50,1.811248779296875,4.1265171631666036,1.6575817,8.067853927612305,6.25660514831543,20.37362289428711,61,0.5507049560546875,4.316878374438186,0.05043667,-159.00526428222656,-159.55596923828125,11.880584716796875,81
formant__fof__254_1024.pt,1.8625144958496094,4.806432370567404,1.5243335,-8.052206039428711,-9.91472053527832,20.994218826293945,49,0.7619905471801758,4.709446465199306,0.6061126,10.680091857910156,9.91810131072998,17.45144271850586,197,29.57135009765625,4.5803221483487215,1.7796224,-103.89665222167969,-133.46800231933594,780.4259643554688,183
basics__sub_2__255_1024.pt,5.519525527954102,4.81747359482004,2.4960258,-10.38231372833252,-15.901839256286621,5.52531623840332,3,4.06239128112793,3.4877991943628346,2.829484,10.247118949890137,6.184727668762207,17.576107025146484,141,34.80656433105469,3.5522956186756387,1.6161451,-124.35960388183594,-159.16616821289062,88.2659912109375,172
formant__unaligned_form__116_1024.pt,4.816829204559326,4.055933032044125,2.151853,-7.1295037269592285,-11.946332931518555,18.991294860839844,44,1.553659439086914,4.615882395275321,0.98288494,11.10051441192627,9.546854972839355,5.578984260559082,72,43.408172607421875,4.540275033644054,1.3738872,-111.44837951660156,-154.85655212402344,120.6833724975586,70
harmonics__sines_bunch__100_1024.pt,8.847005844116211,3.662345949070886,4.2520175,-2.42372465133667,-11.270730972290039,148.08401489257812,66,5.003728866577148,3.8143782633870886,2.0750895,11.632935523986816,6.629206657409668,77.84423065185547,62,0.583740234375,4.052244939224375,0.038484585,-159.25595092773438,-159.83969116210938,9.454757690429688,62
distortion__brutal_metal__235_1024.pt,1.835519790649414,4.43802325607653,0.88297385,-8.32646656036377,-10.161986351013184,9.055261611938477,68,0.9097995758056641,4.538353657584569,0.7318948,13.195265769958496,12.285466194152832,15.162469863891602,145,33.241859436035156,4.575536418610781,3.5450222,-27.38669204711914,-60.6285514831543,406.26177978515625,126
vintage__jx10_sync__127_1024.pt,4.2694854736328125,4.68789450677043,2.413826,-3.8868296146392822,-8.156314849853516,9.99200439453125,6,3.3549022674560547,1.7242524629119336,1.4152651,12.627965927124023,9.273063659667969,3.682027816772461,50,79.1937255859375,1.8958496031240957,3.5676923,-52.94609069824219,-132.1398162841797,107.58619689941406,72
formant__yahie__142_1024.pt,3.302011489868164,4.555523873920475,1.6919795,-10.62205696105957,-13.924068450927734,39.92353820800781,33,0.3631858825683594,4.438255665955497,0.27842236,11.576387405395508,11.213201522827148,1.0887022018432617,66,9.846168518066406,4.49856709011843,0.7846029,-84.08244323730469,-93.9286117553711,183.8629150390625,85
collection__copper__17_1024.pt,7.7787251472473145,3.690116196822312,1.3794942,-5.383002758026123,-13.161727905273438,21.69510269165039,3,2.9088382720947266,3.410415989716703,0.7248955,13.164632797241211,10.255794525146484,8.968694686889648,5,129.86412048339844,3.6168746054619962,2.3136797,-27.75681495666504,-157.62094116210938,398.33428955078125,5
filter__acid_saw__46_1024.pt,5.466008186340332,4.795088298654919,1.1674864,-13.682608604431152,-19.148616790771484,7.096014022827148,1,0.7469453811645508,4.3958599491770824,0.5128213,6.427844047546387,5.680898666381836,1.724705696105957,15,0.84844970703125,4.532109170276559,0.04478068,-158.82672119140625,-159.6751708984375,2.48565673828125,32
collection__cobalt__16_1024.pt,7.987121105194092,3.3278194530403353,1.4624697,-6.830088138580322,-14.817209243774414,20.032854080200195,5,3.900463104248047,3.70281924055469,0.87237066,12.804948806762695,8.904485702514648,10.072495460510254,5,79.55803680419922,3.000000098019191,1.4814968,-41.09748077392578,-120.655517578125,172.29197692871094,4
complex__bitten_sync__255_1024.pt,4.712254047393799,3.9711546118131884,2.5316117,-6.024318218231201,-10.736572265625,31.285005569458008,121,0.626408576965332,3.9963152893470855,0.41980913,13.055238723754883,12.42883014678955,9.848896026611328,147,41.77724075317383,3.9597531965968673,3.3036008,-32.59318161010742,-74.37042236328125,402.2164306640625,129
noise__helicopter__256_1024.pt,8.879995346069336,4.511077998553428,3.2009788,-14.586448669433594,-23.46644401550293,408.09136962890625,183,0.8438348770141602,4.686542294672956,0.985492,11.69295597076416,10.84912109375,29.862281799316406,155,30.195865631103516,4.377801185731425,2.830091,-60.46352767944336,-90.65939331054688,1078.3048095703125,163
noise__bad_bits__20_1024.pt,6.685072898864746,3.884184055850842,1.5437489,-6.827310562133789,-13.512383460998535,37.490028381347656,10,0.882232666015625,3.74643934469117,0.33392107,13.38995361328125,12.507720947265625,3.2848711013793945,12,28.632658004760742,3.821927722418978,1.6704366,-26.667749404907227,-55.30040740966797,132.3662872314453,12
basics__saw_dual_1__235_1024.pt,0.7938241958618164,4.623939613774307,0.36042163,-12.542638778686523,-13.33646297454834,4.765351295471191,129,2.2284841537475586,4.282015744373199,0.7560787,12.912044525146484,10.683560371398926,9.417465209960938,124,11.877227783203125,4.765873524431177,1.5624987,-35.73229217529297,-47.609519958496094,53.60552215576172,57
noise__swepdustry__16_1024.pt,7.3944091796875,3.8750000001555436,1.3062046,-11.635251998901367,-19.029661178588867,20.487995147705078,8,0.5353097915649414,3.750000000013111,0.18497051,13.809606552124023,13.274296760559082,0.9697961807250977,5,11.231908798217773,3.7500000426983693,1.7820139,-7.46306848526001,-18.694976806640625,39.68834686279297,6
formant__aeiou__256_1024.pt,7.6035051345825195,4.717304525204307,2.7077446,-5.600955009460449,-13.204460144042969,59.7010498046875,44,2.2387466430664062,4.42013023604932,1.5663245,9.698686599731445,7.459939956665039,9.639177322387695,49,38.79828643798828,4.547703967347254,1.3982589,-115.85892486572266,-154.65721130371094,238.41796875,67
retro__harmonics_1__184_1024.pt,3.147242546081543,4.737104451082532,1.3406541,-8.010624885559082,-11.157867431640625,27.520397186279297,59,1.3177366256713867,3.9542333651836414,0.7824072,12.84447956085205,11.526742935180664,3.4518966674804688,101,80.64559936523438,4.591712431122598,3.52051,-63.02522277832031,-143.6708221435547,2274.022216796875,117
distortion__malice__32_1024.pt,6.250962257385254,3.588710319081593,1.982272,-5.960736274719238,-12.211698532104492,17.54256820678711,20,0.7894306182861328,3.4300332589196856,0.31138998,13.33137321472168,12.541942596435547,2.1263904571533203,22,24.378890991210938,3.863608282783699,1.7760283,-22.82925033569336,-47.2081413269043,61.396053314208984,17
harmonics__sines_4__10_1024.pt,1.9504270553588867,2.921929346658018,0.55508804,-9.51528549194336,-11.465712547302246,3.6430559158325195,2,4.626716613769531,3.1219276992626255,1.1259011,10.568187713623047,5.941471099853516,4.626716613769531,0,2.9847869873046875,2.92194118046874,0.09226557,-156.89373779296875,-159.87852478027344,2.9847869873046875,0
filter__modern_sweep_2__256_1024.pt,4.3499016761779785,4.504382573463815,2.0037265,-6.8022589683532715,-11.15216064453125,31.1826229095459,78,0.9470138549804688,4.604859861532425,0.66745853,12.741570472717285,11.794556617736816,3.2846736907958984,66,29.76409912109375,4.410359713790692,2.2808862,-51.163238525390625,-80.92733764648438,118.35603332519531,84
distortion__freak__256_1024.pt,2.2325048446655273,4.4167654646195125,1.1934259,-4.611508846282959,-6.844013690948486,6.829336643218994,30,1.8093156814575195,4.2818867705435135,1.1237133,12.735709190368652,10.926393508911133,5.304694175720215,58,44.01666259765625,4.5023371048678795,2.8490694,-48.236915588378906,-92.25357818603516,131.33522033691406,77
harmonics__sines_2__8_1024.pt,1.6567444801330566,2.750001151302188,0.5775029,-6.092718124389648,-7.749462604522705,2.5284066200256348,1,1.7630672454833984,3.000000000015659,0.48382184,10.810739517211914,9.047672271728516,1.9453506469726562,3,0.57086181640625,2.7500000000197975,0.015383188,-158.66976928710938,-159.24063110351562,1.266387939453125,3
distortion__phased__178_1024.pt,5.050999164581299,4.629457990950733,3.160751,-1.7672878503799438,-6.818286895751953,15.77349853515625,36,5.714737892150879,4.0435587855785675,2.5135925,13.30234146118164,7.587603569030762,10.66022777557373,86,141.4037628173828,4.479136386242573,4.1576467,-17.5841121673584,-158.9878692626953,304.67388916015625,90
collection__squash__32_1024.pt,5.240151405334473,3.7539281272278653,1.3820348,-9.11623477935791,-14.356386184692383,11.742358207702637,9,3.2691783905029297,3.5651194035662233,1.4793272,9.168781280517578,5.899602890014648,3.6940574645996094,9,10.7122802734375,1.9931211366526542,0.37344888,-149.15011596679688,-159.86239624023438,17.813079833984375,13
noise__brown_noise__256_1024.pt,7.230199813842773,4.184620154206586,4.1381416,-6.569907188415527,-13.8001070022583,311.4298095703125,168,3.993978500366211,4.157204271271377,2.8262877,12.627985954284668,8.634007453918457,171.03302001953125,160,52.26811981201172,4.523570426912906,3.6317158,-72.65023040771484,-124.91835021972656,2664.13134765625,154
collection__ruby__242_1024.pt,7.18880558013916,4.443676845959038,1.9649683,-6.0314130783081055,-13.220218658447266,19.800539016723633,27,1.605691909790039,4.648635477851901,0.99502224,13.3539400100708,11.748248100280762,3.285419464111328,35,49.74983215332031,4.593920989701115,3.7885618,-17.991775512695312,-67.74160766601562,97.38619995117188,36
vintage__sys8_comb__92_1024.pt,3.375241279602051,4.581794991804822,1.0942419,-8.278656005859375,-11.653897285461426,15.804422378540039,51,1.409865379333496,4.367562014924412,0.6831917,12.821385383605957,11.411520004272461,7.169739723205566,48,44.172298431396484,4.382887538709749,2.324749,-41.47239303588867,-85.64469146728516,190.5106964111328,54
retro__sweep_random__185_1024.pt,5.465968132019043,4.460415705945474,1.3439817,-9.562220573425293,-15.028188705444336,15.43742561340332,78,0.8809337615966797,3.7417620822582087,0.6012507,12.937277793884277,12.056344032287598,1.6814661026000977,97,54.34297180175781,3.183363138756455,3.773323,-33.099273681640625,-87.44224548339844,114.29841613769531,108
harmonics__strong_seventh__63_1024.pt,0.5566530227661133,4.061903890683482,0.28380197,-9.668116569519043,-10.224769592285156,0.8351116180419922,2,5.283957481384277,4.39293774051756,2.1789258,12.11975383758545,6.835796356201172,5.283957481384277,0,84.4967269897461,1.5785353126310995,2.0192628,-75.35424041748047,-159.85096740722656,84.81038665771484,23
vintage__brds_dual_saw__234_1024.pt,2.859013557434082,4.761678369846699,1.529762,-10.193679809570312,-13.052693367004395,10.000591278076172,137,1.2704286575317383,4.084362352846233,0.83969176,12.98112678527832,11.710698127746582,10.592387199401855,135,21.618148803710938,4.056580841774925,2.6527123,-48.079193115234375,-69.69734191894531,294.2088317871094,104
